abandon,2,0,abandoned
abandon,2,1,abandoned
abandon,2,2,abandoned
abandon,2,3,abandoned
abandon,2,4,abandoned
abandon,16,0,abandoned
abandon,17,0,abandoning
abet,2,0,abetted
abet,2,1,abetted
abet,2,2,abetted
abet,2,3,abetted
abet,2,4,abetted
abet,16,0,abetted
abet,17,0,abetting
abhor,2,0,abhorred
abhor,2,1,abhorred
abhor,2,2,abhorred
abhor,2,3,abhorred
abhor,2,4,abhorred
abhor,16,0,abhorred
abhor,17,0,abhorring
abut,2,0,abutted
abut,2,1,abutted
abut,2,2,abutted
abut,2,3,abutted
abut,2,4,abutted
abut,16,0,abutted
abut,17,0,abutting
acquit,2,0,acquitted
acquit,2,1,acquitted
acquit,2,2,acquitted
acquit,2,3,acquitted
acquit,2,4,acquitted
acquit,16,0,acquitted
acquit,17,0,acquitting
administer,2,0,administered
administer,2,1,administered
administer,2,2,administered
administer,2,3,administered
administer,2,4,administered
administer,16,0,administered
administer,17,0,administering
admit,2,0,admitted
admit,2,1,admitted
admit,2,2,admitted
admit,2,3,admitted
admit,2,4,admitted
admit,16,0,admitted
admit,17,0,admitting
alight,2,0,alighted
alight,2,1,alighted
alight,2,2,alighted
alight,2,3,alighted
alight,2,4,alighted
alight,16,0,alighted
alight,2,0,alit
alight,2,1,alit
alight,2,2,alit
alight,2,3,alit
alight,2,4,alit
alight,16,0,alit
allot,2,0,allotted
allot,2,1,allotted
allot,2,2,allotted
allot,2,3,allotted
allot,2,4,allotted
allot,16,0,allotted
allot,17,0,allotting
alter,2,0,altered
alter,2,1,altered
alter,2,2,altered
alter,2,3,altered
alter,2,4,altered
alter,16,0,altered
alter,17,0,altering
anchor,2,0,anchored
anchor,2,1,anchored
anchor,2,2,anchored
anchor,2,3,anchored
anchor,2,4,anchored
anchor,16,0,anchored
anchor,17,0,anchoring
anger,2,0,angered
anger,2,1,angered
anger,2,2,angered
anger,2,3,angered
anger,2,4,angered
anger,16,0,angered
anger,17,0,angering
answer,2,0,answered
answer,2,1,answered
answer,2,2,answered
answer,2,3,answered
answer,2,4,answered
answer,16,0,answered
answer,17,0,answering
arise,16,0,arisen
armor,2,0,armored
armor,2,1,armored
armor,2,2,armored
armor,2,3,armored
armor,2,4,armored
armor,16,0,armored
armor,17,0,armoring
arise,2,0,arose
arise,2,1,arose
arise,2,2,arose
arise,2,3,arose
arise,2,4,arose
audit,2,0,audited
audit,2,1,audited
audit,2,2,audited
audit,2,3,audited
audit,2,4,audited
audit,16,0,audited
audit,17,0,auditing
author,2,0,authored
author,2,1,authored
author,2,2,authored
author,2,3,authored
author,2,4,authored
author,16,0,authored
author,17,0,authoring
awake,2,0,awoke
awake,2,1,awoke
awake,2,2,awoke
awake,2,3,awoke
awake,2,4,awoke
awake,16,0,awoken
awaken,2,0,awakened
awaken,2,1,awakened
awaken,2,2,awakened
awaken,2,3,awakened
awaken,2,4,awakened
awaken,16,0,awakened
awaken,17,0,awakening
eat,2,0,ate
eat,2,1,ate
eat,2,2,ate
eat,2,3,ate
eat,2,4,ate
babysit,2,0,babysat
babysit,2,1,babysat
babysit,2,2,babysat
babysit,2,3,babysat
babysit,2,4,babysat
babysit,16,0,babysat
babysit,17,0,babysitting
backorder,2,0,backordered
backorder,2,1,backordered
backorder,2,2,backordered
backorder,2,3,backordered
backorder,2,4,backordered
backorder,16,0,backordered
backorder,17,0,backordering
bid,2,0,bade
bid,2,1,bade
bid,2,2,bade
bid,2,3,bade
bid,2,4,bade
bag,2,0,bagged
bag,2,1,bagged
bag,2,2,bagged
bag,2,3,bagged
bag,2,4,bagged
bag,16,0,bagged
bag,17,0,bagging
banter,2,0,bantered
banter,2,1,bantered
banter,2,2,bantered
banter,2,3,bantered
banter,2,4,bantered
banter,16,0,bantered
banter,17,0,bantering
bar,2,0,barred
bar,2,1,barred
bar,2,2,barred
bar,2,3,barred
bar,2,4,barred
bar,16,0,barred
bar,17,0,barring
bat,2,0,batted
bat,2,1,batted
bat,2,2,batted
bat,2,3,batted
bat,2,4,batted
bat,16,0,batted
bat,17,0,batting
batter,2,0,battered
batter,2,1,battered
batter,2,2,battered
batter,2,3,battered
batter,2,4,battered
batter,16,0,battered
batter,17,0,battering
beat,2,0,beat
beat,2,1,beat
beat,2,2,beat
beat,2,3,beat
beat,2,4,beat
beat,16,0,beat
beat,16,0,beaten
become,2,0,became
become,2,1,became
become,2,2,became
become,2,3,became
become,2,4,became
beckon,2,0,beckoned
beckon,2,1,beckoned
beckon,2,2,beckoned
beckon,2,3,beckoned
beckon,2,4,beckoned
beckon,16,0,beckoned
beckon,17,0,beckoning
become,16,0,become
be,0,0,am
be,0,1,are
be,0,2,is
be,0,3,are
be,0,4,are
be,2,0,was
be,2,1,were
be,2,2,was
be,2,3,were
be,2,4,were
be,16,0,been
be,17,0,being
bed,2,0,bedded
bed,2,1,bedded
bed,2,2,bedded
bed,2,3,bedded
bed,2,4,bedded
bed,16,0,bedded
bed,17,0,bedding
befall,2,0,befell
befall,2,1,befell
befall,2,2,befell
befall,2,3,befell
befall,2,4,befell
befall,16,0,befallen
befit,2,0,befitted
befit,2,1,befitted
befit,2,2,befitted
befit,2,3,befitted
befit,2,4,befitted
befit,16,0,befitted
befit,17,0,befitting
beg,2,0,begged
beg,2,1,begged
beg,2,2,begged
beg,2,3,begged
beg,2,4,begged
beg,16,0,begged
beg,17,0,begging
begin,2,0,began
begin,2,1,began
begin,2,2,began
begin,2,3,began
begin,2,4,began
begin,16,0,begun
begin,17,0,beginning
beget,2,0,begat
beget,2,1,begat
beget,2,2,begat
beget,2,3,begat
beget,2,4,begat
beget,16,0,begotten
beget,17,0,begetting
behold,2,0,beheld
behold,2,1,beheld
behold,2,2,beheld
behold,2,3,beheld
behold,2,4,beheld
behold,16,0,beheld
benefit,2,0,benefitted
benefit,2,1,benefitted
benefit,2,2,benefitted
benefit,2,3,benefitted
benefit,2,4,benefitted
benefit,16,0,benefitted
benefit,17,0,benefitting
bend,2,0,bent
bend,2,1,bent
bend,2,2,bent
bend,2,3,bent
bend,2,4,bent
bend,16,0,bent
beset,2,0,beset
beset,2,1,beset
beset,2,2,beset
beset,2,3,beset
beset,2,4,beset
beset,16,0,beset
beset,17,0,besetting
bet,2,0,bet
bet,2,1,bet
bet,2,2,bet
bet,2,3,bet
bet,2,4,bet
bet,16,0,bet
bet,17,0,betting
betoken,2,0,betokened
betoken,2,1,betokened
betoken,2,2,betokened
betoken,2,3,betokened
betoken,2,4,betokened
betoken,16,0,betokened
betoken,17,0,betokening
betake,2,0,betook
betake,2,1,betook
betake,2,2,betook
betake,2,3,betook
betake,2,4,betook
betake,16,0,betaken
bewilder,2,0,bewildered
bewilder,2,1,bewildered
bewilder,2,2,bewildered
bewilder,2,3,bewildered
bewilder,2,4,bewildered
bewilder,16,0,bewildered
bewilder,17,0,bewildering
bid,2,0,bid
bid,2,1,bid
bid,2,2,bid
bid,2,3,bid
bid,2,4,bid
bid,16,0,bid
bid,16,0,bidden
bid,17,0,bidding
bite,2,0,bit
bite,2,1,bit
bite,2,2,bit
bite,2,3,bit
bite,2,4,bit
bite,16,0,bitten
blacken,2,0,blackened
blacken,2,1,blackened
blacken,2,2,blackened
blacken,2,3,blackened
blacken,2,4,blackened
blacken,16,0,blackened
blacken,17,0,blackening
bleed,2,0,bled
bleed,2,1,bled
bleed,2,2,bled
bleed,2,3,bled
bleed,2,4,bled
bleed,16,0,bled
blow,2,0,blew
blow,2,1,blew
blow,2,2,blew
blow,2,3,blew
blow,2,4,blew
blister,2,0,blistered
blister,2,1,blistered
blister,2,2,blistered
blister,2,3,blistered
blister,2,4,blistered
blister,16,0,blistered
blister,17,0,blistering
blot,2,0,blotted
blot,2,1,blotted
blot,2,2,blotted
blot,2,3,blotted
blot,2,4,blotted
blot,16,0,blotted
blot,17,0,blotting
blow,16,0,blown
blunder,2,0,blundered
blunder,2,1,blundered
blunder,2,2,blundered
blunder,2,3,blundered
blunder,2,4,blundered
blunder,16,0,blundered
blunder,17,0,blundering
blur,2,0,blurred
blur,2,1,blurred
blur,2,2,blurred
blur,2,3,blurred
blur,2,4,blurred
blur,16,0,blurred
blur,17,0,blurring
bluster,2,0,blustered
bluster,2,1,blustered
bluster,2,2,blustered
bluster,2,3,blustered
bluster,2,4,blustered
bluster,16,0,blustered
bluster,17,0,blustering
bog,2,0,bogged
bog,2,1,bogged
bog,2,2,bogged
bog,2,3,bogged
bog,2,4,bogged
bog,16,0,bogged
bog,17,0,bogging
bolster,2,0,bolstered
bolster,2,1,bolstered
bolster,2,2,bolstered
bolster,2,3,bolstered
bolster,2,4,bolstered
bolster,16,0,bolstered
bolster,17,0,bolstering
border,2,0,bordered
border,2,1,bordered
border,2,2,bordered
border,2,3,bordered
border,2,4,bordered
border,16,0,bordered
border,17,0,bordering
bear,2,0,bore
bear,2,1,bore
bear,2,2,bore
bear,2,3,bore
bear,2,4,bore
bear,16,0,borne
bother,2,0,bothered
bother,2,1,bothered
bother,2,2,bothered
bother,2,3,bothered
bother,2,4,bothered
bother,16,0,bothered
bother,17,0,bothering
buy,2,0,bought
buy,2,1,bought
buy,2,2,bought
buy,2,3,bought
buy,2,4,bought
buy,16,0,bought
bind,2,0,bound
bind,2,1,bound
bind,2,2,bound
bind,2,3,bound
bind,2,4,bound
bind,16,0,bound
brag,2,0,bragged
brag,2,1,bragged
brag,2,2,bragged
brag,2,3,bragged
brag,2,4,bragged
brag,16,0,bragged
brag,17,0,bragging
breed,2,0,bred
breed,2,1,bred
breed,2,2,bred
breed,2,3,bred
breed,2,4,bred
breed,16,0,bred
brighten,2,0,brightened
brighten,2,1,brightened
brighten,2,2,brightened
brighten,2,3,brightened
brighten,2,4,brightened
brighten,16,0,brightened
brighten,17,0,brightening
broadcast,2,0,broadcast
broadcast,2,1,broadcast
broadcast,2,2,broadcast
broadcast,2,3,broadcast
broadcast,2,4,broadcast
broadcast,16,0,broadcast
broaden,2,0,broadened
broaden,2,1,broadened
broaden,2,2,broadened
broaden,2,3,broadened
broaden,2,4,broadened
broaden,16,0,broadened
broaden,17,0,broadening
break,2,0,broke
break,2,1,broke
break,2,2,broke
break,2,3,broke
break,2,4,broke
break,16,0,broken
broker,2,0,brokered
broker,2,1,brokered
broker,2,2,brokered
broker,2,3,brokered
broker,2,4,brokered
broker,16,0,brokered
broker,17,0,brokering
bring,2,0,brought
bring,2,1,brought
bring,2,2,brought
bring,2,3,brought
bring,2,4,brought
bring,16,0,brought
bud,2,0,budded
bud,2,1,budded
bud,2,2,budded
bud,2,3,budded
bud,2,4,budded
bud,16,0,budded
bud,17,0,budding
buffer,2,0,buffered
buffer,2,1,buffered
buffer,2,2,buffered
buffer,2,3,buffered
buffer,2,4,buffered
buffer,16,0,buffered
buffer,17,0,buffering
bug,2,0,bugged
bug,2,1,bugged
bug,2,2,bugged
bug,2,3,bugged
bug,2,4,bugged
bug,16,0,bugged
bug,17,0,bugging
build,2,0,built
build,2,1,built
build,2,2,built
build,2,3,built
build,2,4,built
build,16,0,built
bum,2,0,bummed
bum,2,1,bummed
bum,2,2,bummed
bum,2,3,bummed
bum,2,4,bummed
bum,16,0,bummed
bum,17,0,bumming
burden,2,0,burdened
burden,2,1,burdened
burden,2,2,burdened
burden,2,3,burdened
burden,2,4,burdened
burden,16,0,burdened
burden,17,0,burdening
burn,2,0,burned
burn,2,1,burned
burn,2,2,burned
burn,2,3,burned
burn,2,4,burned
burn,16,0,burned
burn,2,0,burnt
burn,2,1,burnt
burn,2,2,burnt
burn,2,3,burnt
burn,2,4,burnt
burn,16,0,burnt
burst,2,0,burst
burst,2,1,burst
burst,2,2,burst
burst,2,3,burst
burst,2,4,burst
burst,16,0,burst
butcher,2,0,butchered
butcher,2,1,butchered
butcher,2,2,butchered
butcher,2,3,butchered
butcher,2,4,butchered
butcher,16,0,butchered
butcher,17,0,butchering
butter,2,0,buttered
butter,2,1,buttered
butter,2,2,buttered
butter,2,3,buttered
butter,2,4,buttered
butter,16,0,buttered
butter,17,0,buttering
button,2,0,buttoned
button,2,1,buttoned
button,2,2,buttoned
button,2,3,buttoned
button,2,4,buttoned
button,16,0,buttoned
button,17,0,buttoning
calendar,2,0,calendared
calendar,2,1,calendared
calendar,2,2,calendared
calendar,2,3,calendared
calendar,2,4,calendared
calendar,16,0,calendared
calendar,17,0,calendaring
cancel,2,0,canceled
cancel,2,1,canceled
cancel,2,2,canceled
cancel,2,3,canceled
cancel,2,4,canceled
cancel,16,0,canceled
cancel,17,0,canceling
cancel,2,0,cancelled
cancel,2,1,cancelled
cancel,2,2,cancelled
cancel,2,3,cancelled
cancel,2,4,cancelled
cancel,16,0,cancelled
cancel,17,0,cancelling
come,2,0,came
come,2,1,came
come,2,2,came
come,2,3,came
come,2,4,came
cannon,2,0,cannoned
cannon,2,1,cannoned
cannon,2,2,cannoned
cannon,2,3,cannoned
cannon,2,4,cannoned
cannon,16,0,cannoned
cannon,17,0,cannoning
cap,2,0,capped
cap,2,1,capped
cap,2,2,capped
cap,2,3,capped
cap,2,4,capped
cap,16,0,capped
cap,17,0,capping
carol,17,0,caroling
cast,2,0,cast
cast,2,1,cast
cast,2,2,cast
cast,2,3,cast
cast,2,4,cast
cast,16,0,cast
cater,2,0,catered
cater,2,1,catered
cater,2,2,catered
cater,2,3,catered
cater,2,4,catered
cater,16,0,catered
cater,17,0,catering
catch,2,0,caught
catch,2,1,caught
catch,2,2,caught
catch,2,3,caught
catch,2,4,caught
catch,16,0,caught
center,2,0,centered
center,2,1,centered
center,2,2,centered
center,2,3,centered
center,2,4,centered
center,16,0,centered
center,17,0,centering
channel,2,0,channeled
channel,2,1,channeled
channel,2,2,channeled
channel,2,3,channeled
channel,2,4,channeled
channel,16,0,channeled
channel,17,0,channeling
chap,2,0,chapped
chap,2,1,chapped
chap,2,2,chapped
chap,2,3,chapped
chap,2,4,chapped
chap,16,0,chapped
chap,17,0,chapping
char,2,0,charred
char,2,1,charred
char,2,2,charred
char,2,3,charred
char,2,4,charred
char,16,0,charred
char,17,0,charring
charter,2,0,chartered
charter,2,1,chartered
charter,2,2,chartered
charter,2,3,chartered
charter,2,4,chartered
charter,16,0,chartered
charter,17,0,chartering
chat,2,0,chatted
chat,2,1,chatted
chat,2,2,chatted
chat,2,3,chatted
chat,2,4,chatted
chat,16,0,chatted
chatter,2,0,chattered
chatter,2,1,chattered
chatter,2,2,chattered
chatter,2,3,chattered
chatter,2,4,chattered
chatter,16,0,chattered
chatter,17,0,chattering
chat,17,0,chatting
chin,2,0,chinned
chin,2,1,chinned
chin,2,2,chinned
chin,2,3,chinned
chin,2,4,chinned
chin,16,0,chinned
chin,17,0,chinning
chip,2,0,chipped
chip,2,1,chipped
chip,2,2,chipped
chip,2,3,chipped
chip,2,4,chipped
chip,16,0,chipped
chip,17,0,chipping
chisel,2,0,chiseled
chisel,2,1,chiseled
chisel,2,2,chiseled
chisel,2,3,chiseled
chisel,2,4,chiseled
chisel,16,0,chiseled
chisel,17,0,chiseling
chop,2,0,chopped
chop,2,1,chopped
chop,2,2,chopped
chop,2,3,chopped
chop,2,4,chopped
chop,16,0,chopped
chop,17,0,chopping
choose,2,0,chose
choose,2,1,chose
choose,2,2,chose
choose,2,3,chose
choose,2,4,chose
choose,16,0,chosen
christen,2,0,christened
christen,2,1,christened
christen,2,2,christened
christen,2,3,christened
christen,2,4,christened
christen,16,0,christened
christen,17,0,christening
chug,2,0,chugged
chug,2,1,chugged
chug,2,2,chugged
chug,2,3,chugged
chug,2,4,chugged
chug,16,0,chugged
chug,17,0,chugging
clamber,2,0,clambered
clamber,2,1,clambered
clamber,2,2,clambered
clamber,2,3,clambered
clamber,2,4,clambered
clamber,16,0,clambered
clamber,17,0,clambering
clamor,2,0,clamored
clamor,2,1,clamored
clamor,2,2,clamored
clamor,2,3,clamored
clamor,2,4,clamored
clamor,16,0,clamored
clamor,17,0,clamoring
clap,2,0,clapped
clap,2,1,clapped
clap,2,2,clapped
clap,2,3,clapped
clap,2,4,clapped
clap,16,0,clapped
clap,17,0,clapping
clatter,2,0,clattered
clatter,2,1,clattered
clatter,2,2,clattered
clatter,2,3,clattered
clatter,2,4,clattered
clatter,16,0,clattered
clatter,17,0,clattering
cleave,2,0,cleft
cleave,2,1,cleft
cleave,2,2,cleft
cleave,2,3,cleft
cleave,2,4,cleft
cleave,16,0,cleft
clip,2,0,clipped
clip,2,1,clipped
clip,2,2,clipped
clip,2,3,clipped
clip,2,4,clipped
clip,16,0,clipped
clip,17,0,clipping
clog,2,0,clogged
clog,2,1,clogged
clog,2,2,clogged
clog,2,3,clogged
clog,2,4,clogged
clog,16,0,clogged
clog,17,0,clogging
cloister,2,0,cloistered
cloister,2,1,cloistered
cloister,2,2,cloistered
cloister,2,3,cloistered
cloister,2,4,cloistered
cloister,16,0,cloistered
cloister,17,0,cloistering
clot,2,0,clotted
clot,2,1,clotted
clot,2,2,clotted
clot,2,3,clotted
clot,2,4,clotted
clot,16,0,clotted
clot,17,0,clotting
cling,2,0,clung
cling,2,1,clung
cling,2,2,clung
cling,2,3,clung
cling,2,4,clung
cling,16,0,clung
cluster,2,0,clustered
cluster,2,1,clustered
cluster,2,2,clustered
cluster,2,3,clustered
cluster,2,4,clustered
cluster,16,0,clustered
cluster,17,0,clustering
clutter,2,0,cluttered
clutter,2,1,cluttered
clutter,2,2,cluttered
clutter,2,3,cluttered
clutter,2,4,cluttered
clutter,16,0,cluttered
clutter,17,0,cluttering
collar,2,0,collared
collar,2,1,collared
collar,2,2,collared
collar,2,3,collared
collar,2,4,collared
collar,16,0,collared
collar,17,0,collaring
color,2,0,colored
color,2,1,colored
color,2,2,colored
color,2,3,colored
color,2,4,colored
color,16,0,colored
color,17,0,coloring
combat,2,0,combatted
combat,2,1,combatted
combat,2,2,combatted
combat,2,3,combatted
combat,2,4,combatted
combat,16,0,combatted
combat,17,0,combatting
come,16,0,come
commit,2,0,committed
commit,2,1,committed
commit,2,2,committed
commit,2,3,committed
commit,2,4,committed
commit,16,0,committed
commit,17,0,committing
confer,2,0,conferred
confer,2,1,conferred
confer,2,2,conferred
confer,2,3,conferred
confer,2,4,conferred
confer,16,0,conferred
confer,17,0,conferring
consider,2,0,considered
consider,2,1,considered
consider,2,2,considered
consider,2,3,considered
consider,2,4,considered
consider,16,0,considered
consider,17,0,considering
copper,2,0,coppered
copper,2,1,coppered
copper,2,2,coppered
copper,2,3,coppered
copper,2,4,coppered
copper,16,0,coppered
copper,17,0,coppering
corner,2,0,cornered
corner,2,1,cornered
corner,2,2,cornered
corner,2,3,cornered
corner,2,4,cornered
corner,16,0,cornered
corner,17,0,cornering
cost,2,0,cost
cost,2,1,cost
cost,2,2,cost
cost,2,3,cost
cost,2,4,cost
cost,16,0,cost
cost,2,0,costed
cost,2,1,costed
cost,2,2,costed
cost,2,3,costed
cost,2,4,costed
cost,16,0,costed
counsel,2,0,counseled
counsel,2,1,counseled
counsel,2,2,counseled
counsel,2,3,counseled
counsel,2,4,counseled
counsel,16,0,counseled
counsel,17,0,counseling
counter,2,0,countered
counter,2,1,countered
counter,2,2,countered
counter,2,3,countered
counter,2,4,countered
counter,16,0,countered
counter,17,0,countering
cover,2,0,covered
cover,2,1,covered
cover,2,2,covered
cover,2,3,covered
cover,2,4,covered
cover,16,0,covered
cover,17,0,covering
crater,2,0,cratered
crater,2,1,cratered
crater,2,2,cratered
crater,2,3,cratered
crater,2,4,cratered
crater,16,0,cratered
crater,17,0,cratering
credit,2,0,credited
credit,2,1,credited
credit,2,2,credited
credit,2,3,credited
credit,2,4,credited
credit,16,0,credited
credit,17,0,crediting
creep,2,0,crept
creep,2,1,crept
creep,2,2,crept
creep,2,3,crept
creep,2,4,crept
creep,16,0,crept
crop,2,0,cropped
crop,2,1,cropped
crop,2,2,cropped
crop,2,3,cropped
crop,2,4,cropped
crop,16,0,cropped
crop,17,0,cropping
cup,2,0,cupped
cup,2,1,cupped
cup,2,2,cupped
cup,2,3,cupped
cup,2,4,cupped
cup,16,0,cupped
cup,17,0,cupping
cut,2,0,cut
cut,2,1,cut
cut,2,2,cut
cut,2,3,cut
cut,2,4,cut
cut,16,0,cut
cut,17,0,cutting
dampen,2,0,dampened
dampen,2,1,dampened
dampen,2,2,dampened
dampen,2,3,dampened
dampen,2,4,dampened
dampen,16,0,dampened
dampen,17,0,dampening
darken,2,0,darkened
darken,2,1,darkened
darken,2,2,darkened
darken,2,3,darkened
darken,2,4,darkened
darken,16,0,darkened
darken,17,0,darkening
deal,2,0,dealt
deal,2,1,dealt
deal,2,2,dealt
deal,2,3,dealt
deal,2,4,dealt
deal,16,0,dealt
debit,2,0,debited
debit,2,1,debited
debit,2,2,debited
debit,2,3,debited
debit,2,4,debited
debit,16,0,debited
debit,17,0,debiting
debug,2,0,debugged
debug,2,1,debugged
debug,2,2,debugged
debug,2,3,debugged
debug,2,4,debugged
debug,16,0,debugged
debug,17,0,debugging
deepen,2,0,deepened
deepen,2,1,deepened
deepen,2,2,deepened
deepen,2,3,deepened
deepen,2,4,deepened
deepen,16,0,deepened
deepen,17,0,deepening
defer,2,0,deferred
defer,2,1,deferred
defer,2,2,deferred
defer,2,3,deferred
defer,2,4,deferred
defer,16,0,deferred
defer,17,0,deferring
deliver,2,0,delivered
deliver,2,1,delivered
deliver,2,2,delivered
deliver,2,3,delivered
deliver,2,4,delivered
deliver,16,0,delivered
deliver,17,0,delivering
demur,2,0,demurred
demur,2,1,demurred
demur,2,2,demurred
demur,2,3,demurred
demur,2,4,demurred
demur,16,0,demurred
demur,17,0,demurring
deposit,2,0,deposited
deposit,2,1,deposited
deposit,2,2,deposited
deposit,2,3,deposited
deposit,2,4,deposited
deposit,16,0,deposited
deposit,17,0,depositing
deter,2,0,deterred
deter,2,1,deterred
deter,2,2,deterred
deter,2,3,deterred
deter,2,4,deterred
deter,16,0,deterred
deter,17,0,deterring
develop,2,0,developed
develop,2,1,developed
develop,2,2,developed
develop,2,3,developed
develop,2,4,developed
develop,16,0,developed
develop,17,0,developing
do,2,0,did
do,2,1,did
do,2,2,did
do,2,3,did
do,2,4,did
differ,2,0,differed
differ,2,1,differed
differ,2,2,differed
differ,2,3,differed
differ,2,4,differed
differ,16,0,differed
differ,17,0,differing
dip,2,0,dipped
dip,2,1,dipped
dip,2,2,dipped
dip,2,3,dipped
dip,2,4,dipped
dip,16,0,dipped
dip,17,0,dipping
discover,2,0,discovered
discover,2,1,discovered
discover,2,2,discovered
discover,2,3,discovered
discover,2,4,discovered
discover,16,0,discovered
discover,17,0,discovering
dishonor,2,0,dishonored
dishonor,2,1,dishonored
dishonor,2,2,dishonored
dishonor,2,3,dishonored
dishonor,2,4,dishonored
dishonor,16,0,dishonored
dishonor,17,0,dishonoring
dither,2,0,dithered
dither,2,1,dithered
dither,2,2,dithered
dither,2,3,dithered
dither,2,4,dithered
dither,16,0,dithered
dither,17,0,dithering
doctor,2,0,doctored
doctor,2,1,doctored
doctor,2,2,doctored
doctor,2,3,doctored
doctor,2,4,doctored
doctor,16,0,doctored
doctor,17,0,doctoring
do,17,0,doing
do,0,2,does
dog,2,0,dogged
dog,2,1,dogged
dog,2,2,dogged
dog,2,3,dogged
dog,2,4,dogged
dog,16,0,dogged
dog,17,0,dogging
do,16,0,done
done,2,0,done
done,2,1,done
done,2,2,done
done,2,3,done
done,2,4,done
dot,2,0,dotted
dot,2,1,dotted
dot,2,2,dotted
dot,2,3,dotted
dot,2,4,dotted
dot,16,0,dotted
dot,17,0,dotting
drag,2,0,dragged
drag,2,1,dragged
drag,2,2,dragged
drag,2,3,dragged
drag,2,4,dragged
drag,2,0,drug
drag,2,1,drug
drag,2,2,drug
drag,2,3,drug
drag,2,4,drug
drag,16,0,dragged
drag,17,0,dragging
drink,2,0,drank
drink,2,1,drank
drink,2,2,drank
drink,2,3,drank
drink,2,4,drank
draw,16,0,drawn
dream,2,0,dreamt
dream,2,1,dreamt
dream,2,2,dreamt
dream,2,3,dreamt
dream,2,4,dreamt
dream,16,0,dreamt
dream,2,0,dreamed
dream,2,1,dreamed
dream,2,2,dreamed
dream,2,3,dreamed
dream,2,4,dreamed
dream,16,0,dreamed
draw,2,0,drew
draw,2,1,drew
draw,2,2,drew
draw,2,3,drew
draw,2,4,drew
drip,2,0,dripped
drip,2,1,dripped
drip,2,2,dripped
drip,2,3,dripped
drip,2,4,dripped
drip,16,0,dripped
drip,17,0,dripping
drive,16,0,driven
drop,2,0,dropped
drop,2,1,dropped
drop,2,2,dropped
drop,2,3,dropped
drop,2,4,dropped
drop,16,0,dropped
drop,17,0,dropping
drive,2,0,drove
drive,2,1,drove
drive,2,2,drove
drive,2,3,drove
drive,2,4,drove
drug,2,0,drugged
drug,2,1,drugged
drug,2,2,drugged
drug,2,3,drugged
drug,2,4,drugged
drug,16,0,drugged
drug,17,0,drugging
drum,2,0,drummed
drum,2,1,drummed
drum,2,2,drummed
drum,2,3,drummed
drum,2,4,drummed
drum,16,0,drummed
drum,17,0,drumming
drink,16,0,drunk
dig,2,0,dug
dig,2,1,dug
dig,2,2,dug
dig,2,3,dug
dig,2,4,dug
dig,16,0,dug
dig,17,0,digging
dun,2,0,dunned
dun,2,1,dunned
dun,2,2,dunned
dun,2,3,dunned
dun,2,4,dunned
dun,16,0,dunned
dun,17,0,dunning
dwell,2,0,dwelt
dwell,2,1,dwelt
dwell,2,2,dwelt
dwell,2,3,dwelt
dwell,2,4,dwelt
dwell,16,0,dwelt
dwell,2,0,dwelled
dwell,2,1,dwelled
dwell,2,2,dwelled
dwell,2,3,dwelled
dwell,2,4,dwelled
dwell,16,0,dwelled
eat,16,0,eaten
echo,0,2,echoes
embed,2,0,embedded
embed,2,1,embedded
embed,2,2,embedded
embed,2,3,embedded
embed,2,4,embedded
embed,16,0,embedded
embed,17,0,embedding
embower,2,0,embowered
embower,2,1,embowered
embower,2,2,embowered
embower,2,3,embowered
embower,2,4,embowered
embower,16,0,embowered
embower,17,0,embowering
embroider,2,0,embroidered
embroider,2,1,embroidered
embroider,2,2,embroidered
embroider,2,3,embroidered
embroider,2,4,embroidered
embroider,16,0,embroidered
embroider,17,0,embroidering
emit,2,0,emitted
emit,2,1,emitted
emit,2,2,emitted
emit,2,3,emitted
emit,2,4,emitted
emit,16,0,emitted
emit,17,0,emitting
empower,2,0,empowered
empower,2,1,empowered
empower,2,2,empowered
empower,2,3,empowered
empower,2,4,empowered
empower,16,0,empowered
empower,17,0,empowering
encounter,2,0,encountered
encounter,2,1,encountered
encounter,2,2,encountered
encounter,2,3,encountered
encounter,2,4,encountered
encounter,16,0,encountered
encounter,17,0,encountering
encumber,2,0,encumbered
encumber,2,1,encumbered
encumber,2,2,encumbered
encumber,2,3,encumbered
encumber,2,4,encumbered
encumber,16,0,encumbered
encumber,17,0,encumbering
endanger,2,0,endangered
endanger,2,1,endangered
endanger,2,2,endangered
endanger,2,3,endangered
endanger,2,4,endangered
endanger,16,0,endangered
endanger,17,0,endangering
endeavor,2,0,endeavored
endeavor,2,1,endeavored
endeavor,2,2,endeavored
endeavor,2,3,endeavored
endeavor,2,4,endeavored
endeavor,16,0,endeavored
endeavor,17,0,endeavoring
engender,2,0,engendered
engender,2,1,engendered
engender,2,2,engendered
engender,2,3,engendered
engender,2,4,engendered
engender,16,0,engendered
engender,17,0,engendering
enlighten,2,0,enlightened
enlighten,2,1,enlightened
enlighten,2,2,enlightened
enlighten,2,3,enlightened
enlighten,2,4,enlightened
enlighten,16,0,enlightened
enlighten,17,0,enlightening
enter,2,0,entered
enter,2,1,entered
enter,2,2,entered
enter,2,3,entered
enter,2,4,entered
enter,16,0,entered
enter,17,0,entering
environ,2,0,environed
environ,2,1,environed
environ,2,2,environed
environ,2,3,environed
environ,2,4,environed
environ,16,0,environed
environ,17,0,environing
equip,2,0,equipped
equip,2,1,equipped
equip,2,2,equipped
equip,2,3,equipped
equip,2,4,equipped
equip,16,0,equipped
equip,17,0,equipping
even,2,0,evened
even,2,1,evened
even,2,2,evened
even,2,3,evened
even,2,4,evened
even,16,0,evened
even,17,0,evening
exhibit,2,0,exhibited
exhibit,2,1,exhibited
exhibit,2,2,exhibited
exhibit,2,3,exhibited
exhibit,2,4,exhibited
exhibit,16,0,exhibited
exhibit,17,0,exhibiting
exit,2,0,exited
exit,2,1,exited
exit,2,2,exited
exit,2,3,exited
exit,2,4,exited
exit,16,0,exited
exit,17,0,exiting
factor,2,0,factored
factor,2,1,factored
factor,2,2,factored
factor,2,3,factored
factor,2,4,factored
factor,16,0,factored
factor,17,0,factoring
fall,16,0,fallen
falter,2,0,faltered
falter,2,1,faltered
falter,2,2,faltered
falter,2,3,faltered
falter,2,4,faltered
falter,16,0,faltered
falter,17,0,faltering
fasten,2,0,fastened
fasten,2,1,fastened
fasten,2,2,fastened
fasten,2,3,fastened
fasten,2,4,fastened
fasten,16,0,fastened
fasten,17,0,fastening
father,2,0,fathered
father,2,1,fathered
father,2,2,fathered
father,2,3,fathered
father,2,4,fathered
father,16,0,fathered
father,17,0,fathering
fatten,2,0,fattened
fatten,2,1,fattened
fatten,2,2,fattened
fatten,2,3,fattened
fatten,2,4,fattened
fatten,16,0,fattened
fatten,17,0,fattening
favor,2,0,favored
favor,2,1,favored
favor,2,2,favored
favor,2,3,favored
favor,2,4,favored
favor,16,0,favored
favor,17,0,favoring
feather,2,0,feathered
feather,2,1,feathered
feather,2,2,feathered
feather,2,3,feathered
feather,2,4,feathered
feather,16,0,feathered
feather,17,0,feathering
feed,2,0,fed
feed,2,1,fed
feed,2,2,fed
feed,2,3,fed
feed,2,4,fed
feed,16,0,fed
fall,2,0,fell
fall,2,1,fell
fall,2,2,fell
fall,2,3,fell
fall,2,4,fell
feel,2,0,felt
feel,2,1,felt
feel,2,2,felt
feel,2,3,felt
feel,2,4,felt
feel,16,0,felt
fetter,2,0,fettered
fetter,2,1,fettered
fetter,2,2,fettered
fetter,2,3,fettered
fetter,2,4,fettered
fetter,16,0,fettered
fetter,17,0,fettering
filter,2,0,filtered
filter,2,1,filtered
filter,2,2,filtered
filter,2,3,filtered
filter,2,4,filtered
filter,16,0,filtered
filter,17,0,filtering
finger,2,0,fingered
finger,2,1,fingered
finger,2,2,fingered
finger,2,3,fingered
finger,2,4,fingered
finger,16,0,fingered
finger,17,0,fingering
fit,2,0,fit
fit,2,1,fit
fit,2,2,fit
fit,2,3,fit
fit,2,4,fit
fit,16,0,fit
fit,2,0,fitted
fit,2,1,fitted
fit,2,2,fitted
fit,2,3,fitted
fit,2,4,fitted
fit,16,0,fitted
fit,17,0,fitting
flag,2,0,flagged
flag,2,1,flagged
flag,2,2,flagged
flag,2,3,flagged
flag,2,4,flagged
flag,16,0,flagged
flag,17,0,flagging
flap,2,0,flapped
flap,2,1,flapped
flap,2,2,flapped
flap,2,3,flapped
flap,2,4,flapped
flap,16,0,flapped
flap,17,0,flapping
flatten,2,0,flattened
flatten,2,1,flattened
flatten,2,2,flattened
flatten,2,3,flattened
flatten,2,4,flattened
flatten,16,0,flattened
flatten,17,0,flattening
flatter,2,0,flattered
flatter,2,1,flattered
flatter,2,2,flattered
flatter,2,3,flattered
flatter,2,4,flattered
flatter,16,0,flattered
flatter,17,0,flattering
flavor,2,0,flavored
flavor,2,1,flavored
flavor,2,2,flavored
flavor,2,3,flavored
flavor,2,4,flavored
flavor,16,0,flavored
flavor,17,0,flavoring
flee,2,0,fled
flee,2,1,fled
flee,2,2,fled
flee,2,3,fled
flee,2,4,fled
flee,16,0,fled
fly,2,0,flew
fly,2,1,flew
fly,2,2,flew
fly,2,3,flew
fly,2,4,flew
flicker,2,0,flickered
flicker,2,1,flickered
flicker,2,2,flickered
flicker,2,3,flickered
flicker,2,4,flickered
flicker,16,0,flickered
flicker,17,0,flickering
flip,2,0,flipped
flip,2,1,flipped
flip,2,2,flipped
flip,2,3,flipped
flip,2,4,flipped
flip,16,0,flipped
flip,17,0,flipping
flog,2,0,flogged
flog,2,1,flogged
flog,2,2,flogged
flog,2,3,flogged
flog,2,4,flogged
flog,16,0,flogged
flog,17,0,flogging
flop,2,0,flopped
flop,2,1,flopped
flop,2,2,flopped
flop,2,3,flopped
flop,2,4,flopped
flop,16,0,flopped
flop,17,0,flopping
flower,2,0,flowered
flower,2,1,flowered
flower,2,2,flowered
flower,2,3,flowered
flower,2,4,flowered
flower,16,0,flowered
flower,17,0,flowering
fly,16,0,flown
fling,2,0,flung
fling,2,1,flung
fling,2,2,flung
fling,2,3,flung
fling,2,4,flung
fling,16,0,flung
flutter,2,0,fluttered
flutter,2,1,fluttered
flutter,2,2,fluttered
flutter,2,3,fluttered
flutter,2,4,fluttered
flutter,16,0,fluttered
flutter,17,0,fluttering
focus,0,2,focuses
focus,2,0,focused
focus,2,1,focused
focus,2,2,focused
focus,2,3,focused
focus,2,4,focused
focus,16,0,focused
focus,17,0,focusing
fog,2,0,fogged
fog,2,1,fogged
fog,2,2,fogged
fog,2,3,fogged
fog,2,4,fogged
fog,16,0,fogged
fog,17,0,fogging
forbid,2,0,forbade
forbid,2,1,forbade
forbid,2,2,forbade
forbid,2,3,forbade
forbid,2,4,forbade
forbid,16,0,forbidden
forbid,17,0,forbidding
forbear,2,0,forbore
forbear,2,1,forbore
forbear,2,2,forbore
forbear,2,3,forbore
forbear,2,4,forbore
forbear,16,0,forborn
forecast,2,0,forecast
forecast,2,1,forecast
forecast,2,2,forecast
forecast,2,3,forecast
forecast,2,4,forecast
forecast,16,0,forecast
forego,2,0,forewent
forego,2,1,forewent
forego,2,2,forewent
forego,2,3,forewent
forego,2,4,forewent
forego,16,0,foregone
foresee,2,0,foresaw
foresee,2,1,foresaw
foresee,2,2,foresaw
foresee,2,3,foresaw
foresee,2,4,foresaw
foresee,16,0,foreseen
forgive,2,0,forgave
forgive,2,1,forgave
forgive,2,2,forgave
forgive,2,3,forgave
forgive,2,4,forgave
forget,17,0,forgetting
forgive,16,0,forgiven
forget,2,0,forgot
forget,2,1,forgot
forget,2,2,forgot
forget,2,3,forgot
forget,2,4,forgot
forget,16,0,forgotten
format,2,0,formatted
format,2,1,formatted
format,2,2,formatted
format,2,3,formatted
format,2,4,formatted
format,16,0,formatted
format,17,0,formatting
forsee,2,0,forsaw
forsee,2,1,forsaw
forsee,2,2,forsaw
forsee,2,3,forsaw
forsee,2,4,forsaw
forsee,16,0,forseen
forsake,2,0,forsook
forsake,2,1,forsook
forsake,2,2,forsook
forsake,2,3,forsook
forsake,2,4,forsook
forsake,16,0,forsaken
foster,2,0,fostered
foster,2,1,fostered
foster,2,2,fostered
foster,2,3,fostered
foster,2,4,fostered
foster,16,0,fostered
foster,17,0,fostering
fight,2,0,fought
fight,2,1,fought
fight,2,2,fought
fight,2,3,fought
fight,2,4,fought
fight,16,0,fought
find,2,0,found
find,2,1,found
find,2,2,found
find,2,3,found
find,2,4,found
find,16,0,found
founder,2,0,foundered
founder,2,1,foundered
founder,2,2,foundered
founder,2,3,foundered
founder,2,4,foundered
founder,16,0,foundered
founder,17,0,foundering
freshen,2,0,freshened
freshen,2,1,freshened
freshen,2,2,freshened
freshen,2,3,freshened
freshen,2,4,freshened
freshen,16,0,freshened
freshen,17,0,freshening
fret,2,0,fretted
fret,2,1,fretted
fret,2,2,fretted
fret,2,3,fretted
fret,2,4,fretted
fret,16,0,fretted
fret,17,0,fretting
frighten,2,0,frightened
frighten,2,1,frightened
frighten,2,2,frightened
frighten,2,3,frightened
frighten,2,4,frightened
frighten,16,0,frightened
frighten,17,0,frightening
fritter,2,0,frittered
fritter,2,1,frittered
fritter,2,2,frittered
fritter,2,3,frittered
fritter,2,4,frittered
fritter,16,0,frittered
fritter,17,0,frittering
freeze,2,0,froze
freeze,2,1,froze
freeze,2,2,froze
freeze,2,3,froze
freeze,2,4,froze
freeze,16,0,frozen
fuel,2,0,fuelled
fuel,2,1,fuelled
fuel,2,2,fuelled
fuel,2,3,fuelled
fuel,2,4,fuelled
fuel,16,0,fuelled
further,2,0,furthered
further,2,1,furthered
further,2,2,furthered
further,2,3,furthered
further,2,4,furthered
further,16,0,furthered
further,17,0,furthering
gag,2,0,gagged
gag,2,1,gagged
gag,2,2,gagged
gag,2,3,gagged
gag,2,4,gagged
gag,16,0,gagged
gag,17,0,gagging
garden,2,0,gardened
garden,2,1,gardened
garden,2,2,gardened
garden,2,3,gardened
garden,2,4,gardened
garden,16,0,gardened
garden,17,0,gardening
garrison,2,0,garrisoned
garrison,2,1,garrisoned
garrison,2,2,garrisoned
garrison,2,3,garrisoned
garrison,2,4,garrisoned
garrison,16,0,garrisoned
garrison,17,0,garrisoning
gather,2,0,gathered
gather,2,1,gathered
gather,2,2,gathered
gather,2,3,gathered
gather,2,4,gathered
gather,16,0,gathered
gather,17,0,gathering
give,2,0,gave
give,2,1,gave
give,2,2,gave
give,2,3,gave
give,2,4,gave
get,17,0,getting
gig,2,0,gigged
gig,2,1,gigged
gig,2,2,gigged
gig,2,3,gigged
gig,2,4,gigged
gig,16,0,gigged
gig,17,0,gigging
give,16,0,given
glimmer,2,0,glimmered
glimmer,2,1,glimmered
glimmer,2,2,glimmered
glimmer,2,3,glimmered
glimmer,2,4,glimmered
glimmer,16,0,glimmered
glimmer,17,0,glimmering
glisten,2,0,glistened
glisten,2,1,glistened
glisten,2,2,glistened
glisten,2,3,glistened
glisten,2,4,glistened
glisten,16,0,glistened
glisten,17,0,glistening
glitter,2,0,glittered
glitter,2,1,glittered
glitter,2,2,glittered
glitter,2,3,glittered
glitter,2,4,glittered
glitter,16,0,glittered
glitter,17,0,glittering
glower,2,0,glowered
glower,2,1,glowered
glower,2,2,glowered
glower,2,3,glowered
glower,2,4,glowered
glower,16,0,glowered
glower,17,0,glowering
go,0,2,goes
go,17,0,going
go,16,0,gone
gossip,2,0,gossipped
gossip,2,1,gossipped
gossip,2,2,gossipped
gossip,2,3,gossipped
gossip,2,4,gossipped
gossip,16,0,gossipped
gossip,17,0,gossipping
get,2,0,got
get,2,1,got
get,2,2,got
get,2,3,got
get,2,4,got
get,16,0,got
get,16,0,gotten
grandfather,2,0,grandfathered
grandfather,2,1,grandfathered
grandfather,2,2,grandfathered
grandfather,2,3,grandfathered
grandfather,2,4,grandfathered
grandfather,16,0,grandfathered
grandfather,17,0,grandfathering
grep,2,0,grepped
grep,2,1,grepped
grep,2,2,grepped
grep,2,3,grepped
grep,2,4,grepped
grep,16,0,grepped
grep,17,0,grepping
grow,2,0,grew
grow,2,1,grew
grow,2,2,grew
grow,2,3,grew
grow,2,4,grew
grit,2,0,gritted
grit,2,1,gritted
grit,2,2,gritted
grit,2,3,gritted
grit,2,4,gritted
grit,16,0,gritted
grit,17,0,gritting
grok,2,0,grokked
grok,2,1,grokked
grok,2,2,grokked
grok,2,3,grokked
grok,2,4,grokked
grok,16,0,grokked
grok,17,0,grokking
grind,2,0,ground
grind,2,1,ground
grind,2,2,ground
grind,2,3,ground
grind,2,4,ground
grind,16,0,ground
grind,2,0,grinded
grind,2,1,grinded
grind,2,2,grinded
grind,2,3,grinded
grind,2,4,grinded
grind,16,0,grinded
grin,2,0,grinned
grin,2,1,grinned
grin,2,2,grinned
grin,2,3,grinned
grin,2,4,grinned
grin,16,0,grinned
grin,17,0,grinning
grip,2,0,gripped
grip,2,1,gripped
grip,2,2,gripped
grip,2,3,gripped
grip,2,4,gripped
grip,16,0,gripped
grip,17,0,gripping
grow,16,0,grown
gum,2,0,gummed
gum,2,1,gummed
gum,2,2,gummed
gum,2,3,gummed
gum,2,4,gummed
gum,16,0,gummed
gum,17,0,gumming
gun,2,0,gunned
gun,2,1,gunned
gun,2,2,gunned
gun,2,3,gunned
gun,2,4,gunned
gun,16,0,gunned
gun,17,0,gunning
gut,2,0,gutted
gut,2,1,gutted
gut,2,2,gutted
gut,2,3,gutted
gut,2,4,gutted
gut,16,0,gutted
gut,17,0,gutting
have,2,0,had
have,2,1,had
have,2,2,had
have,2,3,had
have,2,4,had
have,16,0,had
hammer,2,0,hammered
hammer,2,1,hammered
hammer,2,2,hammered
hammer,2,3,hammered
hammer,2,4,hammered
hammer,16,0,hammered
hammer,17,0,hammering
hamper,2,0,hampered
hamper,2,1,hampered
hamper,2,2,hampered
hamper,2,3,hampered
hamper,2,4,hampered
hamper,16,0,hampered
hamper,17,0,hampering
handicap,2,0,handicapped
handicap,2,1,handicapped
handicap,2,2,handicapped
handicap,2,3,handicapped
handicap,2,4,handicapped
handicap,16,0,handicapped
handicap,17,0,handicapping
hang,2,0,hanged
hang,2,1,hanged
hang,2,2,hanged
hang,2,3,hanged
hang,2,4,hanged
hang,16,0,hanged
hap,2,0,happed
hap,2,1,happed
hap,2,2,happed
hap,2,3,happed
hap,2,4,happed
hap,16,0,happed
hap,17,0,happing
happen,2,0,happened
happen,2,1,happened
happen,2,2,happened
happen,2,3,happened
happen,2,4,happened
happen,16,0,happened
happen,17,0,happening
harbor,2,0,harbored
harbor,2,1,harbored
harbor,2,2,harbored
harbor,2,3,harbored
harbor,2,4,harbored
harbor,16,0,harbored
harbor,17,0,harboring
harden,2,0,hardened
harden,2,1,hardened
harden,2,2,hardened
harden,2,3,hardened
harden,2,4,hardened
harden,16,0,hardened
harden,17,0,hardening
have,0,0,have
have,0,1,have
have,0,2,has
have,0,3,have
have,0,4,have
have,2,0,had
have,2,1,had
have,2,2,had
have,2,3,had
have,2,4,had
have,16,0,had
have,17,0,having
hasten,2,0,hastened
hasten,2,1,hastened
hasten,2,2,hastened
hasten,2,3,hastened
hasten,2,4,hastened
hasten,16,0,hastened
hasten,17,0,hastening
headquarter,2,0,headquartered
headquarter,2,1,headquartered
headquarter,2,2,headquartered
headquarter,2,3,headquartered
headquarter,2,4,headquartered
headquarter,16,0,headquartered
headquarter,17,0,headquartering
hear,2,0,heard
hear,2,1,heard
hear,2,2,heard
hear,2,3,heard
hear,2,4,heard
hear,16,0,heard
hector,2,0,hectored
hector,2,1,hectored
hector,2,2,hectored
hector,2,3,hectored
hector,2,4,hectored
hector,16,0,hectored
hector,17,0,hectoring
heighten,2,0,heightened
heighten,2,1,heightened
heighten,2,2,heightened
heighten,2,3,heightened
heighten,2,4,heightened
heighten,16,0,heightened
heighten,17,0,heightening
hold,2,0,held
hold,2,1,held
hold,2,2,held
hold,2,3,held
hold,2,4,held
hold,16,0,held
hide,2,0,hid
hide,2,1,hid
hide,2,2,hid
hide,2,3,hid
hide,2,4,hid
hide,16,0,hidden
hinder,2,0,hindered
hinder,2,1,hindered
hinder,2,2,hindered
hinder,2,3,hindered
hinder,2,4,hindered
hinder,16,0,hindered
hinder,17,0,hindering
hit,2,0,hit
hit,2,1,hit
hit,2,2,hit
hit,2,3,hit
hit,2,4,hit
hit,16,0,hit
hit,17,0,hitting
hog,2,0,hogged
hog,2,1,hogged
hog,2,2,hogged
hog,2,3,hogged
hog,2,4,hogged
hog,16,0,hogged
hog,17,0,hogging
holler,2,0,hollered
holler,2,1,hollered
holler,2,2,hollered
holler,2,3,hollered
holler,2,4,hollered
holler,16,0,hollered
holler,17,0,hollering
holster,2,0,holstered
holster,2,1,holstered
holster,2,2,holstered
holster,2,3,holstered
holster,2,4,holstered
holster,16,0,holstered
holster,17,0,holstering
honor,2,0,honored
honor,2,1,honored
honor,2,2,honored
honor,2,3,honored
honor,2,4,honored
honor,16,0,honored
honor,17,0,honoring
hop,2,0,hopped
hop,2,1,hopped
hop,2,2,hopped
hop,2,3,hopped
hop,2,4,hopped
hop,16,0,hopped
hop,17,0,hopping
hot,2,0,hotted
hot,2,1,hotted
hot,2,2,hotted
hot,2,3,hotted
hot,2,4,hotted
hot,16,0,hotted
hot,17,0,hotting
hover,2,0,hovered
hover,2,1,hovered
hover,2,2,hovered
hover,2,3,hovered
hover,2,4,hovered
hover,16,0,hovered
hover,17,0,hovering
huckster,2,0,huckstered
huckster,2,1,huckstered
huckster,2,2,huckstered
huckster,2,3,huckstered
huckster,2,4,huckstered
huckster,16,0,huckstered
huckster,17,0,huckstering
hug,2,0,hugged
hug,2,1,hugged
hug,2,2,hugged
hug,2,3,hugged
hug,2,4,hugged
hug,16,0,hugged
hug,17,0,hugging
hum,2,0,hummed
hum,2,1,hummed
hum,2,2,hummed
hum,2,3,hummed
hum,2,4,hummed
hum,16,0,hummed
hum,17,0,humming
humor,2,0,humored
humor,2,1,humored
humor,2,2,humored
humor,2,3,humored
humor,2,4,humored
humor,16,0,humored
humor,17,0,humoring
hang,2,0,hung
hang,2,1,hung
hang,2,2,hung
hang,2,3,hung
hang,2,4,hung
hang,16,0,hung
hunger,2,0,hungered
hunger,2,1,hungered
hunger,2,2,hungered
hunger,2,3,hungered
hunger,2,4,hungered
hunger,16,0,hungered
hunger,17,0,hungering
hunker,2,0,hunkered
hunker,2,1,hunkered
hunker,2,2,hunkered
hunker,2,3,hunkered
hunker,2,4,hunkered
hunker,16,0,hunkered
hunker,17,0,hunkering
hurt,2,0,hurt
hurt,2,1,hurt
hurt,2,2,hurt
hurt,2,3,hurt
hurt,2,4,hurt
hurt,16,0,hurt
imbed,2,0,imbedded
imbed,2,1,imbedded
imbed,2,2,imbedded
imbed,2,3,imbedded
imbed,2,4,imbedded
imbed,16,0,imbedded
imbed,17,0,imbedding
imprison,2,0,imprisoned
imprison,2,1,imprisoned
imprison,2,2,imprisoned
imprison,2,3,imprisoned
imprison,2,4,imprisoned
imprison,16,0,imprisoned
imprison,17,0,imprisoning
incur,2,0,incurred
incur,2,1,incurred
incur,2,2,incurred
incur,2,3,incurred
incur,2,4,incurred
incur,16,0,incurred
incur,17,0,incurring
infer,2,0,inferred
infer,2,1,inferred
infer,2,2,inferred
infer,2,3,inferred
infer,2,4,inferred
infer,16,0,inferred
infer,17,0,inferring
input,2,0,input
input,2,1,input
input,2,2,input
input,2,3,input
input,2,4,input
input,16,0,input
input,17,0,inputting
interpret,2,0,interpreted
interpret,2,1,interpreted
interpret,2,2,interpreted
interpret,2,3,interpreted
interpret,2,4,interpreted
interpret,16,0,interpreted
interpret,17,0,interpreting
inter,2,0,interred
inter,2,1,interred
inter,2,2,interred
inter,2,3,interred
inter,2,4,interred
inter,16,0,interred
inter,17,0,interring
iron,2,0,ironed
iron,2,1,ironed
iron,2,2,ironed
iron,2,3,ironed
iron,2,4,ironed
iron,16,0,ironed
iron,17,0,ironing
jar,2,0,jarred
jar,2,1,jarred
jar,2,2,jarred
jar,2,3,jarred
jar,2,4,jarred
jar,16,0,jarred
jar,17,0,jarring
jet,2,0,jetted
jet,2,1,jetted
jet,2,2,jetted
jet,2,3,jetted
jet,2,4,jetted
jet,16,0,jetted
jet,17,0,jetting
jog,2,0,jogged
jog,2,1,jogged
jog,2,2,jogged
jog,2,3,jogged
jog,2,4,jogged
jog,16,0,jogged
jog,17,0,jogging
jot,2,0,jotted
jot,2,1,jotted
jot,2,2,jotted
jot,2,3,jotted
jot,2,4,jotted
jot,16,0,jotted
jot,17,0,jotting
journal,2,0,journaled
journal,2,1,journaled
journal,2,2,journaled
journal,2,3,journaled
journal,2,4,journaled
journal,16,0,journaled
journal,17,0,journaling
jut,2,0,jutted
jut,2,1,jutted
jut,2,2,jutted
jut,2,3,jutted
jut,2,4,jutted
jut,16,0,jutted
jut,17,0,jutting
keep,2,0,kept
keep,2,1,kept
keep,2,2,kept
keep,2,3,kept
keep,2,4,kept
keep,16,0,kept
kid,2,0,kidded
kid,2,1,kidded
kid,2,2,kidded
kid,2,3,kidded
kid,2,4,kidded
kid,16,0,kidded
kid,17,0,kidding
kidnap,2,0,kidnapped
kidnap,2,1,kidnapped
kidnap,2,2,kidnapped
kidnap,2,3,kidnapped
kidnap,2,4,kidnapped
kidnap,16,0,kidnapped
kidnap,17,0,kidnapping
kit,2,0,kitted
kit,2,1,kitted
kit,2,2,kitted
kit,2,3,kitted
kit,2,4,kitted
kit,16,0,kitted
kit,17,0,kitting
kneecap,2,0,kneecapped
kneecap,2,1,kneecapped
kneecap,2,2,kneecapped
kneecap,2,3,kneecapped
kneecap,2,4,kneecapped
kneecap,16,0,kneecapped
kneecap,17,0,kneecapping
kneel,2,0,knelt
kneel,2,1,knelt
kneel,2,2,knelt
kneel,2,3,knelt
kneel,2,4,knelt
kneel,16,0,knelt
know,2,0,knew
know,2,1,knew
know,2,2,knew
know,2,3,knew
know,2,4,knew
knit,2,0,knit
knit,2,1,knit
knit,2,2,knit
knit,2,3,knit
knit,2,4,knit
knit,16,0,knit
knit,2,0,knitted
knit,2,1,knitted
knit,2,2,knitted
knit,2,3,knitted
knit,2,4,knitted
knit,16,0,knitted
knit,17,0,knitting
knot,2,0,knotted
knot,2,1,knotted
knot,2,2,knotted
knot,2,3,knotted
knot,2,4,knotted
knot,16,0,knotted
knot,17,0,knotting
know,16,0,known
labor,2,0,labored
labor,2,1,labored
labor,2,2,labored
labor,2,3,labored
labor,2,4,labored
labor,16,0,labored
labor,17,0,laboring
lag,2,0,lagged
lag,2,1,lagged
lag,2,2,lagged
lag,2,3,lagged
lag,2,4,lagged
lag,16,0,lagged
lag,17,0,lagging
lay,2,0,laid
lay,2,1,laid
lay,2,2,laid
lay,2,3,laid
lay,2,4,laid
lay,16,0,laid
lie,16,0,lain
lap,2,0,lapped
lap,2,1,lapped
lap,2,2,lapped
lap,2,3,lapped
lap,2,4,lapped
lap,16,0,lapped
lap,17,0,lapping
lather,2,0,lathered
lather,2,1,lathered
lather,2,2,lathered
lather,2,3,lathered
lather,2,4,lathered
lather,16,0,lathered
lather,17,0,lathering
lie,2,0,lay
lie,2,1,lay
lie,2,2,lay
lie,2,3,lay
lie,2,4,lay
layer,2,0,layered
layer,2,1,layered
layer,2,2,layered
layer,2,3,layered
layer,2,4,layered
layer,16,0,layered
layer,17,0,layering
leadsman,2,0,leadsmen
leadsman,2,1,leadsmen
leadsman,2,2,leadsmen
leadsman,2,3,leadsmen
leadsman,2,4,leadsmen
lean,2,0,leaned
lean,2,1,leaned
lean,2,2,leaned
lean,2,3,leaned
lean,2,4,leaned
lean,16,0,leaned
lean,2,0,leant
lean,2,1,leant
lean,2,2,leant
lean,2,3,leant
lean,2,4,leant
lean,16,0,leant
leap,2,0,leaped
leap,2,1,leaped
leap,2,2,leaped
leap,2,3,leaped
leap,2,4,leaped
leap,16,0,leaped
leap,2,0,leapt
leap,2,1,leapt
leap,2,2,leapt
leap,2,3,leapt
leap,2,4,leapt
leap,16,0,leapt
learn,2,0,learned
learn,2,1,learned
learn,2,2,learned
learn,2,3,learned
learn,2,4,learned
learn,16,0,learned
learn,2,0,learnt
learn,2,1,learnt
learn,2,2,learnt
learn,2,3,learnt
learn,2,4,learnt
learn,16,0,learnt
leaven,2,0,leavened
leaven,2,1,leavened
leaven,2,2,leavened
leaven,2,3,leavened
leaven,2,4,leavened
leaven,16,0,leavened
leaven,17,0,leavening
lead,2,0,led
lead,2,1,led
lead,2,2,led
lead,2,3,led
lead,2,4,led
lead,16,0,led
leave,2,0,left
leave,2,1,left
leave,2,2,left
leave,2,3,left
leave,2,4,left
leave,16,0,left
leg,2,0,legged
leg,2,1,legged
leg,2,2,legged
leg,2,3,legged
leg,2,4,legged
leg,16,0,legged
leg,17,0,legging
lengthen,2,0,lengthened
lengthen,2,1,lengthened
lengthen,2,2,lengthened
lengthen,2,3,lengthened
lengthen,2,4,lengthened
lengthen,16,0,lengthened
lengthen,17,0,lengthening
lend,2,0,lent
lend,2,1,lent
lend,2,2,lent
lend,2,3,lent
lend,2,4,lent
lend,16,0,lent
lessen,2,0,lessened
lessen,2,1,lessened
lessen,2,2,lessened
lessen,2,3,lessened
lessen,2,4,lessened
lessen,16,0,lessened
lessen,17,0,lessening
let,2,0,let
let,2,1,let
let,2,2,let
let,2,3,let
let,2,4,let
let,16,0,let
letter,2,0,lettered
letter,2,1,lettered
letter,2,2,lettered
letter,2,3,lettered
letter,2,4,lettered
letter,16,0,lettered
letter,17,0,lettering
let,17,0,letting
lie,2,0,lied
lie,2,1,lied
lie,2,2,lied
lie,2,3,lied
lie,2,4,lied
lie,16,0,lied
light,2,0,lighted
light,2,1,lighted
light,2,2,lighted
light,2,3,lighted
light,2,4,lighted
light,16,0,lighted
limit,2,0,limited
limit,2,1,limited
limit,2,2,limited
limit,2,3,limited
limit,2,4,limited
limit,16,0,limited
lighten,2,0,lightened
lighten,2,1,lightened
lighten,2,2,lightened
lighten,2,3,lightened
lighten,2,4,lightened
lighten,16,0,lightened
lighten,17,0,lightening
limit,17,0,limiting
linger,2,0,lingered
linger,2,1,lingered
linger,2,2,lingered
linger,2,3,lingered
linger,2,4,lingered
linger,16,0,lingered
linger,17,0,lingering
listen,2,0,listened
listen,2,1,listened
listen,2,2,listened
listen,2,3,listened
listen,2,4,listened
listen,16,0,listened
listen,17,0,listening
light,2,0,lit
light,2,1,lit
light,2,2,lit
light,2,3,lit
light,2,4,lit
light,16,0,lit
litter,2,0,littered
litter,2,1,littered
litter,2,2,littered
litter,2,3,littered
litter,2,4,littered
litter,16,0,littered
litter,17,0,littering
lessen,2,0,lessened
lessen,2,1,lessened
lessen,2,2,lessened
lessen,2,3,lessened
lessen,2,4,lessened
lessen,16,0,lessened
lessen,17,0,lessening
level,2,0,leveled
level,2,1,leveled
level,2,2,leveled
level,2,3,leveled
level,2,4,leveled
level,16,0,leveled
level,17,0,leveling
level,2,0,levelled
level,2,1,levelled
level,2,2,levelled
level,2,3,levelled
level,2,4,levelled
level,16,0,levelled
level,17,0,levelling
lever,2,0,levered
lever,2,1,levered
lever,2,2,levered
lever,2,3,levered
lever,2,4,levered
lever,16,0,levered
lever,17,0,levering
log,2,0,logged
log,2,1,logged
log,2,2,logged
log,2,3,logged
log,2,4,logged
log,16,0,logged
log,17,0,logging
loosen,2,0,loosened
loosen,2,1,loosened
loosen,2,2,loosened
loosen,2,3,loosened
loosen,2,4,loosened
loosen,16,0,loosened
loosen,17,0,loosening
lop,2,0,lopped
lop,2,1,lopped
lop,2,2,lopped
lop,2,3,lopped
lop,2,4,lopped
lop,16,0,lopped
lop,17,0,lopping
lose,2,0,lost
lose,2,1,lost
lose,2,2,lost
lose,2,3,lost
lose,2,4,lost
lose,16,0,lost
lower,2,0,lowered
lower,2,1,lowered
lower,2,2,lowered
lower,2,3,lowered
lower,2,4,lowered
lower,16,0,lowered
lower,17,0,lowering
lug,2,0,lugged
lug,2,1,lugged
lug,2,2,lugged
lug,2,3,lugged
lug,2,4,lugged
lug,16,0,lugged
lug,17,0,lugging
lumber,2,0,lumbered
lumber,2,1,lumbered
lumber,2,2,lumbered
lumber,2,3,lumbered
lumber,2,4,lumbered
lumber,16,0,lumbered
lumber,17,0,lumbering
make,2,0,made
make,2,1,made
make,2,2,made
make,2,3,made
make,2,4,made
make,16,0,made
major,2,0,majored
major,2,1,majored
major,2,2,majored
major,2,3,majored
major,2,4,majored
major,16,0,majored
major,17,0,majoring
maneuver,2,0,maneuvered
maneuver,2,1,maneuvered
maneuver,2,2,maneuvered
maneuver,2,3,maneuvered
maneuver,2,4,maneuvered
maneuver,16,0,maneuvered
maneuver,17,0,maneuvering
manouver,2,0,manouvered
manouver,2,1,manouvered
manouver,2,2,manouvered
manouver,2,3,manouvered
manouver,2,4,manouvered
manouver,16,0,manouvered
manouver,17,0,manouvering
map,2,0,mapped
map,2,1,mapped
map,2,2,mapped
map,2,3,mapped
map,2,4,mapped
map,16,0,mapped
map,17,0,mapping
market,2,0,marketed
market,2,1,marketed
market,2,2,marketed
market,2,3,marketed
market,2,4,marketed
market,16,0,marketed
market,17,0,marketing
marshal,2,0,marshaled
marshal,2,1,marshaled
marshal,2,2,marshaled
marshal,2,3,marshaled
marshal,2,4,marshaled
marshal,16,0,marshaled
marshal,17,0,marshaling
mar,2,0,marred
mar,2,1,marred
mar,2,2,marred
mar,2,3,marred
mar,2,4,marred
mar,16,0,marred
mar,17,0,marring
marvel,2,0,marveled
marvel,2,1,marveled
marvel,2,2,marveled
marvel,2,3,marveled
marvel,2,4,marveled
marvel,16,0,marveled
marvel,17,0,marveling
master,2,0,mastered
master,2,1,mastered
master,2,2,mastered
master,2,3,mastered
master,2,4,mastered
master,16,0,mastered
master,17,0,mastering
mat,2,0,matted
mat,2,1,matted
mat,2,2,matted
mat,2,3,matted
mat,2,4,matted
mat,16,0,matted
mat,17,0,matting
matter,2,0,mattered
matter,2,1,mattered
matter,2,2,mattered
matter,2,3,mattered
matter,2,4,mattered
matter,16,0,mattered
matter,17,0,mattering
meander,2,0,meandered
meander,2,1,meandered
meander,2,2,meandered
meander,2,3,meandered
meander,2,4,meandered
meander,16,0,meandered
meander,17,0,meandering
mean,2,0,meant
mean,2,1,meant
mean,2,2,meant
mean,2,3,meant
mean,2,4,meant
mean,16,0,meant
meet,2,0,met
meet,2,1,met
meet,2,2,met
meet,2,3,met
meet,2,4,met
meet,16,0,met
meter,2,0,metered
meter,2,1,metered
meter,2,2,metered
meter,2,3,metered
meter,2,4,metered
meter,16,0,metered
meter,17,0,metering
minister,2,0,ministered
minister,2,1,ministered
minister,2,2,ministered
minister,2,3,ministered
minister,2,4,ministered
minister,16,0,ministered
minister,17,0,ministering
mirror,2,0,mirrored
mirror,2,1,mirrored
mirror,2,2,mirrored
mirror,2,3,mirrored
mirror,2,4,mirrored
mirror,16,0,mirrored
mirror,17,0,mirroring
misfeed,2,0,misfed
misfeed,2,1,misfed
misfeed,2,2,misfed
misfeed,2,3,misfed
misfeed,2,4,misfed
misfeed,16,0,misfed
misinterpret,2,0,misinterpreted
misinterpret,2,1,misinterpreted
misinterpret,2,2,misinterpreted
misinterpret,2,3,misinterpreted
misinterpret,2,4,misinterpreted
misinterpret,16,0,misinterpreted
misinterpret,17,0,misinterpreting
mislay,2,0,mislaid
mislay,2,1,mislaid
mislay,2,2,mislaid
mislay,2,3,mislaid
mislay,2,4,mislaid
mislay,16,0,mislaid
mislead,2,0,misled
mislead,2,1,misled
mislead,2,2,misled
mislead,2,3,misled
mislead,2,4,misled
mislead,16,0,misled
misread,2,0,misread
misread,2,1,misread
misread,2,2,misread
misread,2,3,misread
misread,2,4,misread
misread,16,0,misread
mistake,2,0,mistook
mistake,2,1,mistook
mistake,2,2,mistook
mistake,2,3,mistook
mistake,2,4,mistook
mistake,16,0,mistaken
misunderstand,2,0,misunderstood
misunderstand,2,1,misunderstood
misunderstand,2,2,misunderstood
misunderstand,2,3,misunderstood
misunderstand,2,4,misunderstood
misunderstand,16,0,misunderstood
model,2,0,modeled
model,2,1,modeled
model,2,2,modeled
model,2,3,modeled
model,2,4,modeled
model,16,0,modeled
model,17,0,modeling
moisten,2,0,moistened
moisten,2,1,moistened
moisten,2,2,moistened
moisten,2,3,moistened
moisten,2,4,moistened
moisten,16,0,moistened
moisten,17,0,moistening
monitor,2,0,monitored
monitor,2,1,monitored
monitor,2,2,monitored
monitor,2,3,monitored
monitor,2,4,monitored
monitor,16,0,monitored
monitor,17,0,monitoring
mop,2,0,mopped
mop,2,1,mopped
mop,2,2,mopped
mop,2,3,mopped
mop,2,4,mopped
mop,16,0,mopped
mop,17,0,mopping
mother,2,0,mothered
mother,2,1,mothered
mother,2,2,mothered
mother,2,3,mothered
mother,2,4,mothered
mother,16,0,mothered
mother,17,0,mothering
motor,2,0,motored
motor,2,1,motored
motor,2,2,motored
motor,2,3,motored
motor,2,4,motored
motor,16,0,motored
motor,17,0,motoring
mug,2,0,mugged
mug,2,1,mugged
mug,2,2,mugged
mug,2,3,mugged
mug,2,4,mugged
mug,16,0,mugged
mug,17,0,mugging
murder,2,0,murdered
murder,2,1,murdered
murder,2,2,murdered
murder,2,3,murdered
murder,2,4,murdered
murder,16,0,murdered
murder,17,0,murdering
murmur,2,0,murmured
murmur,2,1,murmured
murmur,2,2,murmured
murmur,2,3,murmured
murmur,2,4,murmured
murmur,16,0,murmured
murmur,17,0,murmuring
muster,2,0,mustered
muster,2,1,mustered
muster,2,2,mustered
muster,2,3,mustered
muster,2,4,mustered
muster,16,0,mustered
muster,17,0,mustering
mutter,2,0,muttered
mutter,2,1,muttered
mutter,2,2,muttered
mutter,2,3,muttered
mutter,2,4,muttered
mutter,16,0,muttered
mutter,17,0,muttering
nag,2,0,nagged
nag,2,1,nagged
nag,2,2,nagged
nag,2,3,nagged
nag,2,4,nagged
nag,16,0,nagged
nag,17,0,nagging
nap,2,0,napped
nap,2,1,napped
nap,2,2,napped
nap,2,3,napped
nap,2,4,napped
nap,16,0,napped
nap,17,0,napping
neighbor,2,0,neighbored
neighbor,2,1,neighbored
neighbor,2,2,neighbored
neighbor,2,3,neighbored
neighbor,2,4,neighbored
neighbor,16,0,neighbored
neighbor,17,0,neighboring
net,2,0,netted
net,2,1,netted
net,2,2,netted
net,2,3,netted
net,2,4,netted
net,16,0,netted
net,17,0,netting
neuter,2,0,neutered
neuter,2,1,neutered
neuter,2,2,neutered
neuter,2,3,neutered
neuter,2,4,neutered
neuter,16,0,neutered
neuter,17,0,neutering
nip,2,0,nipped
nip,2,1,nipped
nip,2,2,nipped
nip,2,3,nipped
nip,2,4,nipped
nip,16,0,nipped
nip,17,0,nipping
nod,2,0,nodded
nod,2,1,nodded
nod,2,2,nodded
nod,2,3,nodded
nod,2,4,nodded
nod,16,0,nodded
nod,17,0,nodding
number,2,0,numbered
number,2,1,numbered
number,2,2,numbered
number,2,3,numbered
number,2,4,numbered
number,16,0,numbered
number,17,0,numbering
occur,2,0,occurred
occur,2,1,occurred
occur,2,2,occurred
occur,2,3,occurred
occur,2,4,occurred
occur,16,0,occurred
occur,17,0,occurring
offer,2,0,offered
offer,2,1,offered
offer,2,2,offered
offer,2,3,offered
offer,2,4,offered
offer,16,0,offered
offer,17,0,offering
offset,2,0,offset
offset,2,1,offset
offset,2,2,offset
offset,2,3,offset
offset,2,4,offset
offset,16,0,offset
offset,17,0,offsetting
omit,2,0,omitted
omit,2,1,omitted
omit,2,2,omitted
omit,2,3,omitted
omit,2,4,omitted
omit,16,0,omitted
omit,17,0,omitting
open,2,0,opened
open,2,1,opened
open,2,2,opened
open,2,3,opened
open,2,4,opened
open,16,0,opened
open,17,0,opening
order,2,0,ordered
order,2,1,ordered
order,2,2,ordered
order,2,3,ordered
order,2,4,ordered
order,16,0,ordered
order,17,0,ordering
orphan,2,0,orphaned
orphan,2,1,orphaned
orphan,2,2,orphaned
orphan,2,3,orphaned
orphan,2,4,orphaned
orphan,16,0,orphaned
orphan,17,0,orphaning
outfit,2,0,outfitted
outfit,2,1,outfitted
outfit,2,2,outfitted
outfit,2,3,outfitted
outfit,2,4,outfitted
outfit,16,0,outfitted
outfit,17,0,outfitting
output,2,0,output
output,2,1,output
output,2,2,output
output,2,3,output
output,2,4,output
output,16,0,output
output,17,0,outputting
outnumber,2,0,outnumbered
outnumber,2,1,outnumbered
outnumber,2,2,outnumbered
outnumber,2,3,outnumbered
outnumber,2,4,outnumbered
outnumber,16,0,outnumbered
outnumber,17,0,outnumbering
overeat,2,0,overate
overeat,2,1,overate
overeat,2,2,overate
overeat,2,3,overate
overeat,2,4,overate
overcome,16,0,overcome
overcome,2,0,overcame
overcome,2,1,overcame
overcome,2,2,overcame
overcome,2,3,overcame
overcome,2,4,overcame
overdo,17,0,overdoing
overdo,0,2,overdoes
overdo,16,0,overdone
overdo,2,0,overdid
overdo,2,1,overdid
overdo,2,2,overdid
overdo,2,3,overdid
overdo,2,4,overdid
overeat,16,0,overeaten
overhear,2,0,overheard
overhear,2,1,overheard
overhear,2,2,overheard
overhear,2,3,overheard
overhear,2,4,overheard
overhear,16,0,overheard
overcome,16,0,overlaid
overcome,2,0,overlaid
overcome,2,1,overlaid
overcome,2,2,overlaid
overcome,2,3,overlaid
overcome,2,4,overlaid
overlap,2,0,overlapped
overlap,2,1,overlapped
overlap,2,2,overlapped
overlap,2,3,overlapped
overlap,2,4,overlapped
overlap,16,0,overlapped
overlap,17,0,overlapping
overpower,2,0,overpowered
overpower,2,1,overpowered
overpower,2,2,overpowered
overpower,2,3,overpowered
overpower,2,4,overpowered
overpower,16,0,overpowered
overpower,17,0,overpowering
override,16,0,overridden
override,2,0,overrode
override,2,1,overrode
override,2,2,overrode
override,2,3,overrode
override,2,4,overrode
overrun,2,0,overran
overrun,2,1,overran
overrun,2,2,overran
overrun,2,3,overran
overrun,2,4,overran
overrun,16,0,overrun
overrun,17,0,overrunning
oversee,2,0,overseen
oversee,2,1,overseen
oversee,2,2,overseen
oversee,2,3,overseen
oversee,2,4,overseen
oversee,16,0,overseen
overspread,16,0,overspread
overspread,2,0,overspread
overspread,2,1,overspread
overspread,2,2,overspread
overspread,2,3,overspread
overspread,2,4,overspread
overstep,2,0,overstepped
overstep,2,1,overstepped
overstep,2,2,overstepped
overstep,2,3,overstepped
overstep,2,4,overstepped
overstep,16,0,overstepped
overstep,17,0,overstepping
overtake,2,0,overtaken
overtake,2,1,overtaken
overtake,2,2,overtaken
overtake,2,3,overtaken
overtake,2,4,overtaken
overtake,16,0,overtaken
overthrow,2,0,overthrew
overthrow,2,1,overthrew
overthrow,2,2,overthrew
overthrow,2,3,overthrew
overthrow,2,4,overthrew
overthrow,16,0,overthrown
overwrite,16,0,overwritten
overwrite,2,0,overwrote
overwrite,2,1,overwrote
overwrite,2,2,overwrote
overwrite,2,3,overwrote
overwrite,2,4,overwrote
pad,2,0,padded
pad,2,1,padded
pad,2,2,padded
pad,2,3,padded
pad,2,4,padded
pad,16,0,padded
pad,17,0,padding
pay,2,0,paid
pay,2,1,paid
pay,2,2,paid
pay,2,3,paid
pay,2,4,paid
pay,16,0,paid
panel,2,0,paneled
panel,2,1,paneled
panel,2,2,paneled
panel,2,3,paneled
panel,2,4,paneled
panel,16,0,paneled
panel,17,0,paneling
parcel,2,0,parceled
parcel,2,1,parceled
parcel,2,2,parceled
parcel,2,3,parceled
parcel,2,4,parceled
parcel,16,0,parceled
parcel,17,0,parceling
pardon,2,0,pardoned
pardon,2,1,pardoned
pardon,2,2,pardoned
pardon,2,3,pardoned
pardon,2,4,pardoned
pardon,16,0,pardoned
pardon,17,0,pardoning
par,2,0,parred
par,2,1,parred
par,2,2,parred
par,2,3,parred
par,2,4,parred
par,16,0,parred
par,17,0,parring
partake,2,0,partook
partake,2,1,partook
partake,2,2,partook
partake,2,3,partook
partake,2,4,partook
partake,16,0,partaken
pastor,2,0,pastored
pastor,2,1,pastored
pastor,2,2,pastored
pastor,2,3,pastored
pastor,2,4,pastored
pastor,16,0,pastored
pastor,17,0,pastoring
pat,2,0,patted
pat,2,1,patted
pat,2,2,patted
pat,2,3,patted
pat,2,4,patted
pat,16,0,patted
pat,17,0,patting
patter,2,0,pattered
patter,2,1,pattered
patter,2,2,pattered
patter,2,3,pattered
patter,2,4,pattered
patter,16,0,pattered
patter,17,0,pattering
pedal,2,0,pedaled
pedal,2,1,pedaled
pedal,2,2,pedaled
pedal,2,3,pedaled
pedal,2,4,pedaled
pedal,16,0,pedaled
pedal,17,0,pedaling
peg,2,0,pegged
peg,2,1,pegged
peg,2,2,pegged
peg,2,3,pegged
peg,2,4,pegged
peg,16,0,pegged
peg,17,0,pegging
pencil,2,0,penciled
pencil,2,1,penciled
pencil,2,2,penciled
pencil,2,3,penciled
pencil,2,4,penciled
pencil,16,0,penciled
pencil,17,0,penciling
permit,2,0,permitted
permit,2,1,permitted
permit,2,2,permitted
permit,2,3,permitted
permit,2,4,permitted
permit,16,0,permitted
permit,17,0,permitting
pepper,2,0,peppered
pepper,2,1,peppered
pepper,2,2,peppered
pepper,2,3,peppered
pepper,2,4,peppered
pepper,16,0,peppered
pepper,17,0,peppering
peter,2,0,petered
peter,2,1,petered
peter,2,2,petered
peter,2,3,petered
peter,2,4,petered
peter,16,0,petered
peter,17,0,petering
pet,2,0,petted
pet,2,1,petted
pet,2,2,petted
pet,2,3,petted
pet,2,4,petted
pet,16,0,petted
pet,17,0,petting
pig,2,0,pigged
pig,2,1,pigged
pig,2,2,pigged
pig,2,3,pigged
pig,2,4,pigged
pig,16,0,pigged
pig,17,0,pigging
pilfer,2,0,pilfered
pilfer,2,1,pilfered
pilfer,2,2,pilfered
pilfer,2,3,pilfered
pilfer,2,4,pilfered
pilfer,16,0,pilfered
pilfer,17,0,pilfering
pin,2,0,pinned
pin,2,1,pinned
pin,2,2,pinned
pin,2,3,pinned
pin,2,4,pinned
pin,16,0,pinned
pin,17,0,pinning
piston,2,0,pistoned
piston,2,1,pistoned
piston,2,2,pistoned
piston,2,3,pistoned
piston,2,4,pistoned
piston,16,0,pistoned
piston,17,0,pistoning
pit,2,0,pitted
pit,2,1,pitted
pit,2,2,pitted
pit,2,3,pitted
pit,2,4,pitted
pit,16,0,pitted
pit,17,0,pitting
plaster,2,0,plastered
plaster,2,1,plastered
plaster,2,2,plastered
plaster,2,3,plastered
plaster,2,4,plastered
plaster,16,0,plastered
plaster,17,0,plastering
plead,2,0,pled
plead,2,1,pled
plead,2,2,pled
plead,2,3,pled
plead,2,4,pled
plead,16,0,pled
plod,2,0,plodded
plod,2,1,plodded
plod,2,2,plodded
plod,2,3,plodded
plod,2,4,plodded
plod,16,0,plodded
plod,17,0,plodding
plop,2,0,plopped
plop,2,1,plopped
plop,2,2,plopped
plop,2,3,plopped
plop,2,4,plopped
plop,16,0,plopped
plop,17,0,plopping
plot,2,0,plotted
plot,2,1,plotted
plot,2,2,plotted
plot,2,3,plotted
plot,2,4,plotted
plot,16,0,plotted
plot,17,0,plotting
plug,2,0,plugged
plug,2,1,plugged
plug,2,2,plugged
plug,2,3,plugged
plug,2,4,plugged
plug,16,0,plugged
plug,17,0,plugging
plunder,2,0,plundered
plunder,2,1,plundered
plunder,2,2,plundered
plunder,2,3,plundered
plunder,2,4,plundered
plunder,16,0,plundered
plunder,17,0,plundering
poison,2,0,poisoned
poison,2,1,poisoned
poison,2,2,poisoned
poison,2,3,poisoned
poison,2,4,poisoned
poison,16,0,poisoned
poison,17,0,poisoning
ponder,2,0,pondered
ponder,2,1,pondered
ponder,2,2,pondered
ponder,2,3,pondered
ponder,2,4,pondered
ponder,16,0,pondered
ponder,17,0,pondering
pop,2,0,popped
pop,2,1,popped
pop,2,2,popped
pop,2,3,popped
pop,2,4,popped
pop,16,0,popped
pop,17,0,popping
pot,2,0,potted
pot,2,1,potted
pot,2,2,potted
pot,2,3,potted
pot,2,4,potted
pot,16,0,potted
pot,17,0,potting
powder,2,0,powdered
powder,2,1,powdered
powder,2,2,powdered
powder,2,3,powdered
powder,2,4,powdered
powder,16,0,powdered
powder,17,0,powdering
power,2,0,powered
power,2,1,powered
power,2,2,powered
power,2,3,powered
power,2,4,powered
power,16,0,powered
power,17,0,powering
prefer,2,0,preferred
prefer,2,1,preferred
prefer,2,2,preferred
prefer,2,3,preferred
prefer,2,4,preferred
prefer,16,0,preferred
prefer,17,0,preferring
preset,2,0,preset
preset,2,1,preset
preset,2,2,preset
preset,2,3,preset
preset,2,4,preset
preset,16,0,preset
preset,17,0,presetting
prod,2,0,prodded
prod,2,1,prodded
prod,2,2,prodded
prod,2,3,prodded
prod,2,4,prodded
prod,16,0,prodded
prod,17,0,prodding
profit,2,0,profited
profit,2,1,profited
profit,2,2,profited
profit,2,3,profited
profit,2,4,profited
profit,16,0,profited
profit,17,0,profiting
prop,2,0,propped
prop,2,1,propped
prop,2,2,propped
prop,2,3,propped
prop,2,4,propped
prop,16,0,propped
prop,17,0,propping
prove,16,0,proven
prove,16,0,proved
pucker,2,0,puckered
pucker,2,1,puckered
pucker,2,2,puckered
pucker,2,3,puckered
pucker,2,4,puckered
pucker,16,0,puckered
pucker,17,0,puckering
pun,2,0,punned
pun,2,1,punned
pun,2,2,punned
pun,2,3,punned
pun,2,4,punned
pun,16,0,punned
pun,17,0,punning
put,2,0,put
put,2,1,put
put,2,2,put
put,2,3,put
put,2,4,put
put,16,0,put
put,17,0,putting
quarrel,2,0,quarreled
quarrel,2,1,quarreled
quarrel,2,2,quarreled
quarrel,2,3,quarreled
quarrel,2,4,quarreled
quarrel,16,0,quarreled
quarrel,17,0,quarreling
quarter,2,0,quartered
quarter,2,1,quartered
quarter,2,2,quartered
quarter,2,3,quartered
quarter,2,4,quartered
quarter,16,0,quartered
quarter,17,0,quartering
quaver,2,0,quavered
quaver,2,1,quavered
quaver,2,2,quavered
quaver,2,3,quavered
quaver,2,4,quavered
quaver,16,0,quavered
quaver,17,0,quavering
quieten,2,0,quietened
quieten,2,1,quietened
quieten,2,2,quietened
quieten,2,3,quietened
quieten,2,4,quietened
quieten,16,0,quietened
quieten,17,0,quietening
quit,2,0,quit
quit,2,1,quit
quit,2,2,quit
quit,2,3,quit
quit,2,4,quit
quit,16,0,quit
quit,17,0,quitting
quiver,2,0,quivered
quiver,2,1,quivered
quiver,2,2,quivered
quiver,2,3,quivered
quiver,2,4,quivered
quiver,16,0,quivered
quiver,17,0,quivering
quiz,0,2,quizzes
quiz,2,0,quizzed
quiz,2,1,quizzed
quiz,2,2,quizzed
quiz,2,3,quizzed
quiz,2,4,quizzed
quiz,16,0,quizzed
quiz,17,0,quizzing
rag,2,0,ragged
rag,2,1,ragged
rag,2,2,ragged
rag,2,3,ragged
rag,2,4,ragged
rag,16,0,ragged
rag,17,0,ragging
run,2,0,ran
run,2,1,ran
run,2,2,ran
run,2,3,ran
run,2,4,ran
rap,2,0,rapped
rap,2,1,rapped
rap,2,2,rapped
rap,2,3,rapped
rap,2,4,rapped
rap,16,0,rapped
rap,17,0,rapping
recap,2,0,recapped
recap,2,1,recapped
recap,2,2,recapped
recap,2,3,recapped
recap,2,4,recapped
recap,16,0,recapped
recap,17,0,recapping
reckon,2,0,reckoned
reckon,2,1,reckoned
reckon,2,2,reckoned
reckon,2,3,reckoned
reckon,2,4,reckoned
reckon,16,0,reckoned
reckon,17,0,reckoning
reconnoiter,2,0,reconnoitered
reconnoiter,2,1,reconnoitered
reconnoiter,2,2,reconnoitered
reconnoiter,2,3,reconnoitered
reconnoiter,2,4,reconnoitered
reconnoiter,16,0,reconnoitered
reconnoiter,17,0,reconnoitering
reconsider,2,0,reconsidered
reconsider,2,1,reconsidered
reconsider,2,2,reconsidered
reconsider,2,3,reconsidered
reconsider,2,4,reconsidered
reconsider,16,0,reconsidered
reconsider,17,0,reconsidering
recover,2,0,recovered
recover,2,1,recovered
recover,2,2,recovered
recover,2,3,recovered
recover,2,4,recovered
recover,16,0,recovered
recover,17,0,recovering
recur,2,0,recurred
recur,2,1,recurred
recur,2,2,recurred
recur,2,3,recurred
recur,2,4,recurred
recur,16,0,recurred
recur,17,0,recurring
refer,2,0,referred
refer,2,1,referred
refer,2,2,referred
refer,2,3,referred
refer,2,4,referred
refer,16,0,referred
refer,17,0,referring
reopen,2,0,reopened
reopen,2,1,reopened
reopen,2,2,reopened
reopen,2,3,reopened
reopen,2,4,reopened
reopen,16,0,reopened
reopen,17,0,reopening
rerun,2,0,reran
rerun,2,1,reran
rerun,2,2,reran
rerun,2,3,reran
rerun,2,4,reran
rerun,16,0,rerun
rid,2,0,rid
rid,2,1,rid
rid,2,2,rid
rid,2,3,rid
rid,2,4,rid
rid,16,0,rid
rid,2,0,ridded
rid,2,1,ridded
rid,2,2,ridded
rid,2,3,ridded
rid,2,4,ridded
rid,16,0,ridded
rid,17,0,ridding
rig,2,0,rigged
rig,2,1,rigged
rig,2,2,rigged
rig,2,3,rigged
rig,2,4,rigged
rig,16,0,rigged
rig,17,0,rigging
ring,16,0,ringed
ring,2,0,ringed
ring,2,1,ringed
ring,2,2,ringed
ring,2,3,ringed
ring,2,4,ringed
ripen,2,0,ripened
ripen,2,1,ripened
ripen,2,2,ripened
ripen,2,3,ripened
ripen,2,4,ripened
ripen,16,0,ripened
ripen,17,0,ripening
rip,2,0,ripped
rip,2,1,ripped
rip,2,2,ripped
rip,2,3,ripped
rip,2,4,ripped
rip,16,0,ripped
rip,17,0,ripping
rival,2,0,rivaled
rival,2,1,rivaled
rival,2,2,rivaled
rival,2,3,rivaled
rival,2,4,rivaled
rival,16,0,rivaled
rival,17,0,rivaling
run,16,0,run
run,17,0,running
ring,16,0,rung
ring,2,0,rang
ring,2,1,rang
ring,2,2,rang
ring,2,3,rang
ring,2,4,rang
read,2,0,read
read,2,1,read
read,2,2,read
read,2,3,read
read,2,4,read
read,16,0,read
reason,2,0,reasoned
reason,2,1,reasoned
reason,2,2,reasoned
reason,2,3,reasoned
reason,2,4,reasoned
reason,16,0,reasoned
reason,17,0,reasoning
rebuild,2,0,rebuilt
rebuild,2,1,rebuilt
rebuild,2,2,rebuilt
rebuild,2,3,rebuilt
rebuild,2,4,rebuilt
rebuild,16,0,rebuilt
redevelop,2,0,redeveloped
redevelop,2,1,redeveloped
redevelop,2,2,redeveloped
redevelop,2,3,redeveloped
redevelop,2,4,redeveloped
redevelop,16,0,redeveloped
redevelop,17,0,redeveloping
redden,2,0,reddened
redden,2,1,reddened
redden,2,2,reddened
redden,2,3,reddened
redden,2,4,reddened
redden,16,0,reddened
redden,17,0,reddening
rediscover,2,0,rediscovered
rediscover,2,1,rediscovered
rediscover,2,2,rediscovered
rediscover,2,3,rediscovered
rediscover,2,4,rediscovered
rediscover,16,0,rediscovered
rediscover,17,0,rediscovering
redo,2,0,redid
redo,2,1,redid
redo,2,2,redid
redo,2,3,redid
redo,2,4,redid
redo,0,2,redoes
redo,16,0,redone
register,2,0,registered
register,2,1,registered
register,2,2,registered
register,2,3,registered
register,2,4,registered
register,16,0,registered
register,17,0,registering
regret,2,0,regretted
regret,2,1,regretted
regret,2,2,regretted
regret,2,3,regretted
regret,2,4,regretted
regret,16,0,regretted
regret,17,0,regretting
remember,2,0,remembered
remember,2,1,remembered
remember,2,2,remembered
remember,2,3,remembered
remember,2,4,remembered
remember,16,0,remembered
remember,17,0,remembering
remit,2,0,remitted
remit,2,1,remitted
remit,2,2,remitted
remit,2,3,remitted
remit,2,4,remitted
remit,16,0,remitted
remit,17,0,remitting
render,2,0,rendered
render,2,1,rendered
render,2,2,rendered
render,2,3,rendered
render,2,4,rendered
render,16,0,rendered
render,17,0,rendering
reorder,2,0,reordered
reorder,2,1,reordered
reorder,2,2,reordered
reorder,2,3,reordered
reorder,2,4,reordered
reorder,16,0,reordered
reorder,17,0,reordering
repay,2,0,repaid
repay,2,1,repaid
repay,2,2,repaid
repay,2,3,repaid
repay,2,4,repaid
repay,16,0,repaid
resend,2,0,resent
resend,2,1,resent
resend,2,2,resent
resend,2,3,resent
resend,2,4,resent
resend,16,0,resent
reset,2,0,reset
reset,2,1,reset
reset,2,2,reset
reset,2,3,reset
reset,2,4,reset
reset,16,0,reset
reset,17,0,resetting
resubmit,2,0,resubmitted
resubmit,2,1,resubmitted
resubmit,2,2,resubmitted
resubmit,2,3,resubmitted
resubmit,2,4,resubmitted
resubmit,16,0,resubmitted
resubmit,17,0,resubmitting
rid,2,0,rid
rid,2,1,rid
rid,2,2,rid
rid,2,3,rid
rid,2,4,rid
rid,16,0,rid
ride,16,0,ridden
rise,16,0,risen
ride,2,0,rode
ride,2,1,rode
ride,2,2,rode
ride,2,3,rode
ride,2,4,rode
rise,2,0,rose
rise,2,1,rose
rise,2,2,rose
rise,2,3,rose
rise,2,4,rose
rot,2,0,rotted
rot,2,1,rotted
rot,2,2,rotted
rot,2,3,rotted
rot,2,4,rotted
rot,16,0,rotted
rot,17,0,rotting
run,16,0,run
rut,2,0,rutted
rut,2,1,rutted
rut,2,2,rutted
rut,2,3,rutted
rut,2,4,rutted
rut,16,0,rutted
rut,17,0,rutting
sag,2,0,sagged
sag,2,1,sagged
sag,2,2,sagged
sag,2,3,sagged
sag,2,4,sagged
sag,16,0,sagged
sag,17,0,sagging
say,2,0,said
say,2,1,said
say,2,2,said
say,2,3,said
say,2,4,said
say,16,0,said
sing,2,0,sang
sing,2,1,sang
sing,2,2,sang
sing,2,3,sang
sing,2,4,sang
sink,2,0,sank
sink,2,1,sank
sink,2,2,sank
sink,2,3,sank
sink,2,4,sank
sap,2,0,sapped
sap,2,1,sapped
sap,2,2,sapped
sap,2,3,sapped
sap,2,4,sapped
sap,16,0,sapped
sap,17,0,sapping
sit,2,0,sat
sit,2,1,sat
sit,2,2,sat
sit,2,3,sat
sit,2,4,sat
sit,16,0,sat
sit,17,0,sitting
savor,2,0,savored
savor,2,1,savored
savor,2,2,savored
savor,2,3,savored
savor,2,4,savored
savor,16,0,savored
savor,17,0,savoring
see,2,0,saw
see,2,1,saw
see,2,2,saw
see,2,3,saw
see,2,4,saw
scar,2,0,scarred
scar,2,1,scarred
scar,2,2,scarred
scar,2,3,scarred
scar,2,4,scarred
scar,16,0,scarred
scar,17,0,scarring
scatter,2,0,scattered
scatter,2,1,scattered
scatter,2,2,scattered
scatter,2,3,scattered
scatter,2,4,scattered
scatter,16,0,scattered
scatter,17,0,scattering
schlep,2,0,schlepped
schlep,2,1,schlepped
schlep,2,2,schlepped
schlep,2,3,schlepped
schlep,2,4,schlepped
schlep,16,0,schlepped
schlep,17,0,schlepping
scrap,2,0,scrapped
scrap,2,1,scrapped
scrap,2,2,scrapped
scrap,2,3,scrapped
scrap,2,4,scrapped
scrap,16,0,scrapped
scrap,17,0,scrapping
scud,2,0,scudded
scud,2,1,scudded
scud,2,2,scudded
scud,2,3,scudded
scud,2,4,scudded
scud,16,0,scudded
scud,17,0,scudding
season,2,0,seasoned
season,2,1,seasoned
season,2,2,seasoned
season,2,3,seasoned
season,2,4,seasoned
season,16,0,seasoned
season,17,0,seasoning
see,16,0,seen
send,2,0,sent
send,2,1,sent
send,2,2,sent
send,2,3,sent
send,2,4,sent
send,16,0,sent
set,2,0,set
set,2,1,set
set,2,2,set
set,2,3,set
set,2,4,set
set,16,0,set
set,17,0,setting
sever,2,0,severed
sever,2,1,severed
sever,2,2,severed
sever,2,3,severed
sever,2,4,severed
sever,16,0,severed
sever,17,0,severing
sew,2,0,sewed
sew,2,1,sewed
sew,2,2,sewed
sew,2,3,sewed
sew,2,4,sewed
sew,16,0,sewed
sew,2,0,sewn
sew,2,1,sewn
sew,2,2,sewn
sew,2,3,sewn
sew,2,4,sewn
sew,16,0,sewn
shake,16,0,shaken
shave,16,0,shaven
shave,16,0,shaved
sharpen,2,0,sharpened
sharpen,2,1,sharpened
sharpen,2,2,sharpened
sharpen,2,3,sharpened
sharpen,2,4,sharpened
sharpen,16,0,sharpened
sharpen,17,0,sharpening
shatter,2,0,shattered
shatter,2,1,shattered
shatter,2,2,shattered
shatter,2,3,shattered
shatter,2,4,shattered
shatter,16,0,shattered
shatter,17,0,shattering
shed,2,0,shed
shed,2,1,shed
shed,2,2,shed
shed,2,3,shed
shed,2,4,shed
shed,16,0,shed
shed,17,0,shedding
shelter,2,0,sheltered
shelter,2,1,sheltered
shelter,2,2,sheltered
shelter,2,3,sheltered
shelter,2,4,sheltered
shelter,16,0,sheltered
shelter,17,0,sheltering
shimmer,2,0,shimmered
shimmer,2,1,shimmered
shimmer,2,2,shimmered
shimmer,2,3,shimmered
shimmer,2,4,shimmered
shimmer,16,0,shimmered
shimmer,17,0,shimmering
shine,2,0,shined
shine,2,1,shined
shine,2,2,shined
shine,2,3,shined
shine,2,4,shined
shine,16,0,shined
ship,2,0,shipped
ship,2,1,shipped
ship,2,2,shipped
ship,2,3,shipped
ship,2,4,shipped
ship,16,0,shipped
ship,17,0,shipping
shiver,2,0,shivered
shiver,2,1,shivered
shiver,2,2,shivered
shiver,2,3,shivered
shiver,2,4,shivered
shiver,16,0,shivered
shiver,17,0,shivering
shine,2,0,shone
shine,2,1,shone
shine,2,2,shone
shine,2,3,shone
shine,2,4,shone
shine,16,0,shone
shoulder,2,0,shouldered
shoulder,2,1,shouldered
shoulder,2,2,shouldered
shoulder,2,3,shouldered
shoulder,2,4,shouldered
shoulder,16,0,shouldered
shoulder,17,0,shouldering
shin,2,0,shinned
shin,2,1,shinned
shin,2,2,shinned
shin,2,3,shinned
shin,2,4,shinned
shin,16,0,shinned
shin,17,0,shinning
shit,2,0,shitted
shit,2,1,shitted
shit,2,2,shitted
shit,2,3,shitted
shit,2,4,shitted
shit,16,0,shitted
shit,17,0,shitting
shin,2,0,shined
shin,2,1,shined
shin,2,2,shined
shin,2,3,shined
shin,2,4,shined
shop,2,0,shopped
shop,2,1,shopped
shop,2,2,shopped
shop,2,3,shopped
shop,2,4,shopped
shop,16,0,shopped
shop,17,0,shopping
shorten,16,0,shortened
shorten,17,0,shortening
shake,2,0,shook
shake,2,1,shook
shake,2,2,shook
shake,2,3,shook
shake,2,4,shook
shake,16,0,shook
shear,16,0,shorn
shoot,2,0,shot
shoot,2,1,shot
shoot,2,2,shot
shoot,2,3,shot
shoot,2,4,shot
shoot,16,0,shot
show,16,0,shown
show,16,0,showed
shower,2,0,showered
shower,2,1,showered
shower,2,2,showered
shower,2,3,showered
shower,2,4,showered
shower,16,0,showered
shower,17,0,showering
shrink,2,0,shrank
shrink,2,1,shrank
shrink,2,2,shrank
shrink,2,3,shrank
shrink,2,4,shrank
shred,2,0,shredded
shred,2,1,shredded
shred,2,2,shredded
shred,2,3,shredded
shred,2,4,shredded
shred,16,0,shredded
shred,17,0,shredding
shrug,2,0,shrugged
shrug,2,1,shrugged
shrug,2,2,shrugged
shrug,2,3,shrugged
shrug,2,4,shrugged
shrug,16,0,shrugged
shrug,17,0,shrugging
shrink,2,0,shrunk
shrink,2,1,shrunk
shrink,2,2,shrunk
shrink,2,3,shrunk
shrink,2,4,shrunk
shrink,16,0,shrunk
shrink,2,0,shrunken
shrink,2,1,shrunken
shrink,2,2,shrunken
shrink,2,3,shrunken
shrink,2,4,shrunken
shrink,16,0,shrunken
shudder,2,0,shuddered
shudder,2,1,shuddered
shudder,2,2,shuddered
shudder,2,3,shuddered
shudder,2,4,shuddered
shudder,16,0,shuddered
shudder,17,0,shuddering
shun,2,0,shunned
shun,2,1,shunned
shun,2,2,shunned
shun,2,3,shunned
shun,2,4,shunned
shun,16,0,shunned
shun,17,0,shunning
shut,2,0,shut
shut,2,1,shut
shut,2,2,shut
shut,2,3,shut
shut,2,4,shut
shut,16,0,shut
shut,17,0,shutting
shutter,2,0,shuttered
shutter,2,1,shuttered
shutter,2,2,shuttered
shutter,2,3,shuttered
shutter,2,4,shuttered
shutter,16,0,shuttered
shutter,17,0,shuttering
sicken,2,0,sickened
sicken,2,1,sickened
sicken,2,2,sickened
sicken,2,3,sickened
sicken,2,4,sickened
sicken,16,0,sickened
sicken,17,0,sickening
signal,2,0,signaled
signal,2,1,signaled
signal,2,2,signaled
signal,2,3,signaled
signal,2,4,signaled
signal,16,0,signaled
signal,17,0,signaling
silver,2,0,silvered
silver,2,1,silvered
silver,2,2,silvered
silver,2,3,silvered
silver,2,4,silvered
silver,16,0,silvered
silver,17,0,silvering
simmer,2,0,simmered
simmer,2,1,simmered
simmer,2,2,simmered
simmer,2,3,simmered
simmer,2,4,simmered
simmer,16,0,simmered
simmer,17,0,simmering
sin,2,0,sinned
sin,2,1,sinned
sin,2,2,sinned
sin,2,3,sinned
sin,2,4,sinned
sin,16,0,sinned
sin,17,0,sinning
sip,2,0,sipped
sip,2,1,sipped
sip,2,2,sipped
sip,2,3,sipped
sip,2,4,sipped
sip,16,0,sipped
sip,17,0,sipping
skid,2,0,skidded
skid,2,1,skidded
skid,2,2,skidded
skid,2,3,skidded
skid,2,4,skidded
skid,16,0,skidded
skid,17,0,skidding
skip,2,0,skipped
skip,2,1,skipped
skip,2,2,skipped
skip,2,3,skipped
skip,2,4,skipped
skip,16,0,skipped
skip,17,0,skipping
skin,2,0,skinned
skin,2,1,skinned
skin,2,2,skinned
skin,2,3,skinned
skin,2,4,skinned
skin,16,0,skinned
skin,17,0,skinning
slacken,2,0,slackened
slacken,2,1,slackened
slacken,2,2,slackened
slacken,2,3,slackened
slacken,2,4,slackened
slacken,16,0,slackened
slacken,17,0,slackening
slap,2,0,slapped
slap,2,1,slapped
slap,2,2,slapped
slap,2,3,slapped
slap,2,4,slapped
slap,16,0,slapped
slap,17,0,slapping
slaughter,2,0,slaughtered
slaughter,2,1,slaughtered
slaughter,2,2,slaughtered
slaughter,2,3,slaughtered
slaughter,2,4,slaughtered
slaughter,16,0,slaughtered
slaughter,17,0,slaughtering
slaver,2,0,slavered
slaver,2,1,slavered
slaver,2,2,slavered
slaver,2,3,slavered
slaver,2,4,slavered
slaver,16,0,slavered
slaver,17,0,slavering
sled,2,0,sledded
sled,2,1,sledded
sled,2,2,sledded
sled,2,3,sledded
sled,2,4,sledded
sled,16,0,sledded
sled,17,0,sledding
sleep,2,0,slept
sleep,2,1,slept
sleep,2,2,slept
sleep,2,3,slept
sleep,2,4,slept
sleep,16,0,slept
slide,2,0,slid
slide,2,1,slid
slide,2,2,slid
slide,2,3,slid
slide,2,4,slid
slide,16,0,slid
slip,2,0,slipped
slip,2,1,slipped
slip,2,2,slipped
slip,2,3,slipped
slip,2,4,slipped
slip,16,0,slipped
slip,17,0,slipping
slit,2,0,slit
slit,2,1,slit
slit,2,2,slit
slit,2,3,slit
slit,2,4,slit
slit,16,0,slit
slit,17,0,slitting
slither,2,0,slithered
slither,2,1,slithered
slither,2,2,slithered
slither,2,3,slithered
slither,2,4,slithered
slither,16,0,slithered
slither,17,0,slithering
slop,2,0,slopped
slop,2,1,slopped
slop,2,2,slopped
slop,2,3,slopped
slop,2,4,slopped
slop,16,0,slopped
slop,17,0,slopping
slot,2,0,slotted
slot,2,1,slotted
slot,2,2,slotted
slot,2,3,slotted
slot,2,4,slotted
slot,16,0,slotted
slot,17,0,slotting
slug,2,0,slugged
slug,2,1,slugged
slug,2,2,slugged
slug,2,3,slugged
slug,2,4,slugged
slug,16,0,slugged
slug,17,0,slugging
slumber,2,0,slumbered
slumber,2,1,slumbered
slumber,2,2,slumbered
slumber,2,3,slumbered
slumber,2,4,slumbered
slumber,16,0,slumbered
slumber,17,0,slumbering
sling,2,0,slung
sling,2,1,slung
sling,2,2,slung
sling,2,3,slung
sling,2,4,slung
sling,16,0,slung
slink,2,0,slunk
slink,2,1,slunk
slink,2,2,slunk
slink,2,3,slunk
slink,2,4,slunk
slink,16,0,slunk
slur,2,0,slurred
slur,2,1,slurred
slur,2,2,slurred
slur,2,3,slurred
slur,2,4,slurred
slur,16,0,slurred
slur,17,0,slurring
smell,2,0,smelt
smell,2,1,smelt
smell,2,2,smelt
smell,2,3,smelt
smell,2,4,smelt
smell,16,0,smelt
smell,2,0,smelled
smell,2,1,smelled
smell,2,2,smelled
smell,2,3,smelled
smell,2,4,smelled
smell,16,0,smelled
smolder,2,0,smoldered
smolder,2,1,smoldered
smolder,2,2,smoldered
smolder,2,3,smoldered
smolder,2,4,smoldered
smolder,16,0,smoldered
smolder,17,0,smoldering
snag,2,0,snagged
snag,2,1,snagged
snag,2,2,snagged
snag,2,3,snagged
snag,2,4,snagged
snag,16,0,snagged
snag,17,0,snagging
snap,2,0,snapped
snap,2,1,snapped
snap,2,2,snapped
snap,2,3,snapped
snap,2,4,snapped
snap,16,0,snapped
snap,17,0,snapping
snicker,2,0,snickered
snicker,2,1,snickered
snicker,2,2,snickered
snicker,2,3,snickered
snicker,2,4,snickered
snicker,16,0,snickered
snicker,17,0,snickering
snorkel,2,0,snorkeled
snorkel,2,1,snorkeled
snorkel,2,2,snorkeled
snorkel,2,3,snorkeled
snorkel,2,4,snorkeled
snorkel,16,0,snorkeled
snorkel,17,0,snorkeling
sober,2,0,sobered
sober,2,1,sobered
sober,2,2,sobered
sober,2,3,sobered
sober,2,4,sobered
sober,16,0,sobered
sober,17,0,sobering
soften,2,0,softened
soften,2,1,softened
soften,2,2,softened
soften,2,3,softened
soften,2,4,softened
soften,16,0,softened
soften,17,0,softening
seek,2,0,sought
seek,2,1,sought
seek,2,2,sought
seek,2,3,sought
seek,2,4,sought
seek,16,0,sought
sell,2,0,sold
sell,2,1,sold
sell,2,2,sold
sell,2,3,sold
sell,2,4,sold
sell,16,0,sold
sop,2,0,sopped
sop,2,1,sopped
sop,2,2,sopped
sop,2,3,sopped
sop,2,4,sopped
sop,16,0,sopped
sop,17,0,sopping
spar,2,0,sparred
spar,2,1,sparred
spar,2,2,sparred
spar,2,3,sparred
spar,2,4,sparred
spar,16,0,sparred
spar,17,0,sparring
spit,2,0,spat
spit,2,1,spat
spit,2,2,spat
spit,2,3,spat
spit,2,4,spat
spit,16,0,spat
spit,17,0,spitting
speed,2,0,sped
speed,2,1,sped
speed,2,2,sped
speed,2,3,sped
speed,2,4,sped
speed,16,0,sped
spend,2,0,spent
spend,2,1,spent
spend,2,2,spent
spend,2,3,spent
spend,2,4,spent
spend,16,0,spent
spiral,2,0,spiraled
spiral,2,1,spiraled
spiral,2,2,spiraled
spiral,2,3,spiraled
spiral,2,4,spiraled
spiral,16,0,spiraled
spiral,17,0,spiraling
splatter,2,0,splattered
splatter,2,1,splattered
splatter,2,2,splattered
splatter,2,3,splattered
splatter,2,4,splattered
splatter,16,0,splattered
transfer,17,0,splattering
splinter,2,0,splintered
splinter,2,1,splintered
splinter,2,2,splintered
splinter,2,3,splintered
splinter,2,4,splintered
splinter,16,0,splintered
splinter,17,0,splintering
split,2,0,split
split,2,1,split
split,2,2,split
split,2,3,split
split,2,4,split
split,16,0,split
split,17,0,splitting
speak,2,0,spoke
speak,2,1,spoke
speak,2,2,spoke
speak,2,3,spoke
speak,2,4,spoke
speak,16,0,spoken
sponsor,2,0,sponsored
sponsor,2,1,sponsored
sponsor,2,2,sponsored
sponsor,2,3,sponsored
sponsor,2,4,sponsored
sponsor,16,0,sponsored
sponsor,17,0,sponsoring
spot,2,0,spotted
spot,2,1,spotted
spot,2,2,spotted
spot,2,3,spotted
spot,2,4,spotted
spot,16,0,spotted
spot,17,0,spotting
spring,2,0,sprang
spring,2,1,sprang
spring,2,2,sprang
spring,2,3,sprang
spring,2,4,sprang
spread,2,0,spread
spread,2,1,spread
spread,2,2,spread
spread,2,3,spread
spread,2,4,spread
spread,16,0,spread
spring,16,0,sprung
spin,2,0,spun
spin,2,1,spun
spin,2,2,spun
spin,2,3,spun
spin,2,4,spun
spin,16,0,spun
spin,17,0,spinning
spur,2,0,spurred
spur,2,1,spurred
spur,2,2,spurred
spur,2,3,spurred
spur,2,4,spurred
spur,16,0,spurred
spur,17,0,spurring
sputter,2,0,sputtered
sputter,2,1,sputtered
sputter,2,2,sputtered
sputter,2,3,sputtered
sputter,2,4,sputtered
sputter,16,0,sputtered
sputter,17,0,sputtering
squander,2,0,squandered
squander,2,1,squandered
squander,2,2,squandered
squander,2,3,squandered
squander,2,4,squandered
squander,16,0,squandered
squander,17,0,squandering
squat,2,0,squatted
squat,2,1,squatted
squat,2,2,squatted
squat,2,3,squatted
squat,2,4,squatted
squat,16,0,squatted
squat,17,0,squatting
squirrel,2,0,squirreled
squirrel,2,1,squirreled
squirrel,2,2,squirreled
squirrel,2,3,squirreled
squirrel,2,4,squirreled
squirrel,16,0,squirreled
squirrel,17,0,squirreling
stagger,2,0,staggered
stagger,2,1,staggered
stagger,2,2,staggered
stagger,2,3,staggered
stagger,2,4,staggered
stagger,16,0,staggered
stagger,17,0,staggering
star,2,0,starred
star,2,1,starred
star,2,2,starred
star,2,3,starred
star,2,4,starred
star,16,0,starred
star,17,0,starring
stink,16,0,stunk
stink,2,0,stank
stink,2,1,stank
stink,2,2,stank
stink,2,3,stank
stink,2,4,stank
steepen,2,0,steepened
steepen,2,1,steepened
steepen,2,2,steepened
steepen,2,3,steepened
steepen,2,4,steepened
steepen,16,0,steepened
steepen,17,0,steepening
step,2,0,stepped
step,2,1,stepped
step,2,2,stepped
step,2,3,stepped
step,2,4,stepped
step,16,0,stepped
step,17,0,stepping
stiffen,2,0,stiffened
stiffen,2,1,stiffened
stiffen,2,2,stiffened
stiffen,2,3,stiffened
stiffen,2,4,stiffened
stiffen,16,0,stiffened
stiffen,17,0,stiffening
stir,2,0,stirred
stir,2,1,stirred
stir,2,2,stirred
stir,2,3,stirred
stir,2,4,stirred
stir,16,0,stirred
stir,17,0,stirring
steal,2,0,stole
steal,2,1,stole
steal,2,2,stole
steal,2,3,stole
steal,2,4,stole
steal,16,0,stolen
stand,2,0,stood
stand,2,1,stood
stand,2,2,stood
stand,2,3,stood
stand,2,4,stood
stand,16,0,stood
stop,2,0,stopped
stop,2,1,stopped
stop,2,2,stopped
stop,2,3,stopped
stop,2,4,stopped
stop,16,0,stopped
stop,17,0,stopping
straighten,2,0,straightened
straighten,2,1,straightened
straighten,2,2,straightened
straighten,2,3,straightened
straighten,2,4,straightened
straighten,16,0,straightened
straighten,17,0,straightening
strap,2,0,strapped
strap,2,1,strapped
strap,2,2,strapped
strap,2,3,strapped
strap,2,4,strapped
strap,16,0,strapped
strap,17,0,strapping
strengthen,2,0,strengthened
strengthen,2,1,strengthened
strengthen,2,2,strengthened
strengthen,2,3,strengthened
strengthen,2,4,strengthened
strengthen,16,0,strengthened
strengthen,17,0,strengthening
strew,16,0,strewn
strip,2,0,stripped
strip,2,1,stripped
strip,2,2,stripped
strip,2,3,stripped
strip,2,4,stripped
strip,16,0,stripped
strip,17,0,stripping
strive,2,0,strived
strive,2,1,strived
strive,2,2,strived
strive,2,3,strived
strive,2,4,strived
strive,16,0,striven
stride,2,0,strode
stride,2,1,strode
stride,2,2,strode
stride,2,3,strode
stride,2,4,strode
stride,16,0,strode
strop,2,0,stropped
strop,2,1,stropped
strop,2,2,stropped
strop,2,3,stropped
strop,2,4,stropped
strop,16,0,stropped
strop,17,0,stropping
strive,2,0,strove
strive,2,1,strove
strive,2,2,strove
strive,2,3,strove
strive,2,4,strove
strike,2,0,struck
strike,2,1,struck
strike,2,2,struck
strike,2,3,struck
strike,2,4,struck
strike,16,0,struck
strum,2,0,strummed
strum,2,1,strummed
strum,2,2,strummed
strum,2,3,strummed
strum,2,4,strummed
strum,16,0,strummed
strum,17,0,strumming
string,2,0,strung
string,2,1,strung
string,2,2,strung
string,2,3,strung
string,2,4,strung
string,16,0,strung
stick,2,0,stuck
stick,2,1,stuck
stick,2,2,stuck
stick,2,3,stuck
stick,2,4,stuck
stick,16,0,stuck
stud,2,0,studded
stud,2,1,studded
stud,2,2,studded
stud,2,3,studded
stud,2,4,studded
stud,16,0,studded
stud,17,0,studding
sting,2,0,stung
sting,2,1,stung
sting,2,2,stung
sting,2,3,stung
sting,2,4,stung
sting,16,0,stung
stun,2,0,stunned
stun,2,1,stunned
stun,2,2,stunned
stun,2,3,stunned
stun,2,4,stunned
stun,16,0,stunned
stun,17,0,stunning
submit,2,0,submitted
submit,2,1,submitted
submit,2,2,submitted
submit,2,3,submitted
submit,2,4,submitted
submit,16,0,submitted
submit,17,0,submitting
suffer,2,0,suffered
suffer,2,1,suffered
suffer,2,2,suffered
suffer,2,3,suffered
suffer,2,4,suffered
suffer,16,0,suffered
suffer,17,0,suffering
sugar,2,0,sugared
sugar,2,1,sugared
sugar,2,2,sugared
sugar,2,3,sugared
sugar,2,4,sugared
sugar,16,0,sugared
sugar,17,0,sugaring
sum,2,0,summed
sum,2,1,summed
sum,2,2,summed
sum,2,3,summed
sum,2,4,summed
sum,16,0,summed
sum,17,0,summing
summer,2,0,summered
summer,2,1,summered
summer,2,2,summered
summer,2,3,summered
summer,2,4,summered
summer,16,0,summered
summer,17,0,summering
summon,2,0,summoned
summon,2,1,summoned
summon,2,2,summoned
summon,2,3,summoned
summon,2,4,summoned
summon,16,0,summoned
summon,17,0,summoning
sunder,2,0,sundered
sunder,2,1,sundered
sunder,2,2,sundered
sunder,2,3,sundered
sunder,2,4,sundered
sunder,16,0,sundered
sunder,17,0,sundering
sing,16,0,sung
sink,16,0,sunk
sun,2,0,sunned
sun,2,1,sunned
sun,2,2,sunned
sun,2,3,sunned
sun,2,4,sunned
sun,16,0,sunned
sun,17,0,sunning
surrender,2,0,surrendered
surrender,2,1,surrendered
surrender,2,2,surrendered
surrender,2,3,surrendered
surrender,2,4,surrendered
surrender,16,0,surrendered
surrender,17,0,surrendering
swim,2,0,swam
swim,2,1,swam
swim,2,2,swam
swim,2,3,swam
swim,2,4,swam
swagger,2,0,swaggered
swagger,2,1,swaggered
swagger,2,2,swaggered
swagger,2,3,swaggered
swagger,2,4,swaggered
swagger,16,0,swaggered
swagger,17,0,swaggering
swap,2,0,swapped
swap,2,1,swapped
swap,2,2,swapped
swap,2,3,swapped
swap,2,4,swapped
swap,16,0,swapped
swap,17,0,swapping
swelter,2,0,sweltered
swelter,2,1,sweltered
swelter,2,2,sweltered
swelter,2,3,sweltered
swelter,2,4,sweltered
swelter,16,0,sweltered
swelter,17,0,sweltering
sweep,2,0,swept
sweep,2,1,swept
sweep,2,2,swept
sweep,2,3,swept
sweep,2,4,swept
sweep,16,0,swept
swig,2,0,swigged
swig,2,1,swigged
swig,2,2,swigged
swig,2,3,swigged
swig,2,4,swigged
swig,16,0,swigged
swig,17,0,swigging
swivel,2,0,swiveled
swivel,2,1,swiveled
swivel,2,2,swiveled
swivel,2,3,swiveled
swivel,2,4,swiveled
swivel,16,0,swiveled
swivel,17,0,swiveling
swell,16,0,swollen
swear,2,0,swore
swear,2,1,swore
swear,2,2,swore
swear,2,3,swore
swear,2,4,swore
swear,16,0,sworn
swing,16,0,swung
swing,2,0,swung
swing,2,1,swung
swing,2,2,swung
swing,2,3,swung
swing,2,4,swung
swim,16,0,swum
tag,2,0,tagged
tag,2,1,tagged
tag,2,2,tagged
tag,2,3,tagged
tag,2,4,tagged
tag,16,0,tagged
tag,17,0,tagging
tailor,2,0,tailored
tailor,2,1,tailored
tailor,2,2,tailored
tailor,2,3,tailored
tailor,2,4,tailored
tailor,16,0,tailored
tailor,17,0,tailoring
take,16,0,taken
tamper,2,0,tampered
tamper,2,1,tampered
tamper,2,2,tampered
tamper,2,3,tampered
tamper,2,4,tampered
tamper,16,0,tampered
tamper,17,0,tampering
taper,2,0,tapered
taper,2,1,tapered
taper,2,2,tapered
taper,2,3,tapered
taper,2,4,tapered
taper,16,0,tapered
taper,17,0,tapering
tap,2,0,tapped
tap,2,1,tapped
tap,2,2,tapped
tap,2,3,tapped
tap,2,4,tapped
tap,16,0,tapped
tap,17,0,tapping
tar,2,0,tarred
tar,2,1,tarred
tar,2,2,tarred
tar,2,3,tarred
tar,2,4,tarred
tar,16,0,tarred
tar,17,0,tarring
teach,2,0,taught
teach,2,1,taught
teach,2,2,taught
teach,2,3,taught
teach,2,4,taught
teach,16,0,taught
teeter,2,0,teetered
teeter,2,1,teetered
teeter,2,2,teetered
teeter,2,3,teetered
teeter,2,4,teetered
teeter,16,0,teetered
teeter,17,0,teetering
telnet,2,0,telnetted
telnet,2,1,telnetted
telnet,2,2,telnetted
telnet,2,3,telnetted
telnet,2,4,telnetted
telnet,16,0,telnetted
telnet,17,0,telnetting
temper,2,0,tempered
temper,2,1,tempered
temper,2,2,tempered
temper,2,3,tempered
temper,2,4,tempered
temper,16,0,tempered
temper,17,0,tempering
tender,2,0,tendered
tender,2,1,tendered
tender,2,2,tendered
tender,2,3,tendered
tender,2,4,tendered
tender,16,0,tendered
tender,17,0,tendering
thicken,2,0,thickened
thicken,2,1,thickened
thicken,2,2,thickened
thicken,2,3,thickened
thicken,2,4,thickened
thicken,16,0,thickened
thicken,17,0,thickening
thin,2,0,thinned
thin,2,1,thinned
thin,2,2,thinned
thin,2,3,thinned
thin,2,4,thinned
thin,16,0,thinned
thin,17,0,thinning
think,2,0,thought
think,2,1,thought
think,2,2,thought
think,2,3,thought
think,2,4,thought
think,16,0,thought
threaten,2,0,threatened
threaten,2,1,threatened
threaten,2,2,threatened
threaten,2,3,threatened
threaten,2,4,threatened
threaten,16,0,threatened
threaten,17,0,threatening
throw,2,0,threw
throw,2,1,threw
throw,2,2,threw
throw,2,3,threw
throw,2,4,threw
thrive,2,0,throve
thrive,2,1,throve
thrive,2,2,throve
thrive,2,3,throve
thrive,2,4,throve
thrive,2,0,thrived
thrive,2,1,thrived
thrive,2,2,thrived
thrive,2,3,thrived
thrive,2,4,thrived
throw,16,0,thrown
thrust,2,0,thrust
thrust,2,1,thrust
thrust,2,2,thrust
thrust,2,3,thrust
thrust,2,4,thrust
thrust,16,0,thrust
thud,2,0,thudded
thud,2,1,thudded
thud,2,2,thudded
thud,2,3,thudded
thud,2,4,thudded
thud,16,0,thudded
thud,17,0,thudding
thunder,2,0,thundered
thunder,2,1,thundered
thunder,2,2,thundered
thunder,2,3,thundered
thunder,2,4,thundered
thunder,16,0,thundered
thunder,17,0,thundering
tighten,2,0,tightened
tighten,2,1,tightened
tighten,2,2,tightened
tighten,2,3,tightened
tighten,2,4,tightened
tighten,16,0,tightened
tighten,17,0,tightening
tip,2,0,tipped
tip,2,1,tipped
tip,2,2,tipped
tip,2,3,tipped
tip,2,4,tipped
tip,16,0,tipped
tip,17,0,tipping
toboggan,2,0,tobogganed
toboggan,2,1,tobogganed
toboggan,2,2,tobogganed
toboggan,2,3,tobogganed
toboggan,2,4,tobogganed
toboggan,16,0,tobogganed
toboggan,17,0,tobogganing
tell,2,0,told
tell,2,1,told
tell,2,2,told
tell,2,3,told
tell,2,4,told
tell,16,0,told
take,2,0,took
take,2,1,took
take,2,2,took
take,2,3,took
take,2,4,took
top,2,0,topped
top,2,1,topped
top,2,2,topped
top,2,3,topped
top,2,4,topped
top,16,0,topped
top,17,0,topping
tear,2,0,tore
tear,2,1,tore
tear,2,2,tore
tear,2,3,tore
tear,2,4,tore
tear,16,0,torn
total,2,0,totaled
total,2,1,totaled
total,2,2,totaled
total,2,3,totaled
total,2,4,totaled
total,16,0,totaled
total,17,0,totaling
totter,2,0,tottered
totter,2,1,tottered
totter,2,2,tottered
totter,2,3,tottered
totter,2,4,tottered
totter,16,0,tottered
totter,17,0,tottering
towel,2,0,toweled
towel,2,1,toweled
towel,2,2,toweled
towel,2,3,toweled
towel,2,4,toweled
towel,16,0,toweled
towel,17,0,toweling
tower,2,0,towered
tower,2,1,towered
tower,2,2,towered
tower,2,3,towered
tower,2,4,towered
tower,16,0,towered
tower,17,0,towering
traffic,2,0,trafficking
traffic,2,1,trafficking
traffic,2,2,trafficking
traffic,2,3,trafficking
traffic,2,4,trafficking
traffic,16,0,trafficked
traffic,17,0,trafficking
transfer,2,0,transferred
transfer,2,1,transferred
transfer,2,2,transferred
transfer,2,3,transferred
transfer,2,4,transferred
transfer,16,0,transferred
transfer,17,0,transferring
transfer,2,0,transfered
transfer,2,1,transfered
transfer,2,2,transfered
transfer,2,3,transfered
transfer,2,4,transfered
transfer,16,0,transfered
transfer,17,0,transffering
transmit,2,0,transmitted
transmit,2,1,transmitted
transmit,2,2,transmitted
transmit,2,3,transmitted
transmit,2,4,transmitted
transmit,16,0,transmitted
transmit,17,0,transmitting
trap,2,0,trapped
trap,2,1,trapped
trap,2,2,trapped
trap,2,3,trapped
trap,2,4,trapped
trap,16,0,trapped
trap,17,0,trapping
travel,2,0,traveled
travel,2,1,traveled
travel,2,2,traveled
travel,2,3,traveled
travel,2,4,traveled
travel,16,0,traveled
travel,17,0,traveling
travel,2,0,travelled
travel,2,1,travelled
travel,2,2,travelled
travel,2,3,travelled
travel,2,4,travelled
travel,16,0,travelled
travel,17,0,travelling
trek,2,0,trekked
trek,2,1,trekked
trek,2,2,trekked
trek,2,3,trekked
trek,2,4,trekked
trek,16,0,trekked
trek,17,0,trekking
trigger,2,0,triggered
trigger,2,1,triggered
trigger,2,2,triggered
trigger,2,3,triggered
trigger,2,4,triggered
trigger,16,0,triggered
trigger,17,0,triggering
trip,2,0,tripped
trip,2,1,tripped
trip,2,2,tripped
trip,2,3,tripped
trip,2,4,tripped
trip,16,0,tripped
trip,17,0,tripping
tread,2,0,trod
tread,2,1,trod
tread,2,2,trod
tread,2,3,trod
tread,2,4,trod
tread,16,0,trod
tread,2,0,trodden
tread,2,1,trodden
tread,2,2,trodden
tread,2,3,trodden
tread,2,4,trodden
tread,16,0,trodden
trot,2,0,trotted
trot,2,1,trotted
trot,2,2,trotted
trot,2,3,trotted
trot,2,4,trotted
trot,16,0,trotted
trot,17,0,trotting
tug,2,0,tugged
tug,2,1,tugged
tug,2,2,tugged
tug,2,3,tugged
tug,2,4,tugged
tug,16,0,tugged
tug,17,0,tugging
tunnel,17,0,tunneling
tutor,2,0,tutored
tutor,2,1,tutored
tutor,2,2,tutored
tutor,2,3,tutored
tutor,2,4,tutored
tutor,16,0,tutored
tutor,17,0,tutoring
twig,2,0,twigged
twig,2,1,twigged
twig,2,2,twigged
twig,2,3,twigged
twig,2,4,twigged
twig,16,0,twigged
twig,17,0,twigging
twin,2,0,twinned
twin,2,1,twinned
twin,2,2,twinned
twin,2,3,twinned
twin,2,4,twinned
twin,16,0,twinned
uncover,2,0,uncovered
uncover,2,1,uncovered
uncover,2,2,uncovered
uncover,2,3,uncovered
uncover,2,4,uncovered
uncover,16,0,uncovered
uncover,17,0,uncovering
underpay,2,0,underpaid
underpay,2,1,underpaid
underpay,2,2,underpaid
underpay,2,3,underpaid
underpay,2,4,underpaid
underpay,16,0,underpaid
underpin,2,0,underpinned
underpin,2,1,underpinned
underpin,2,2,underpinned
underpin,2,3,underpinned
underpin,2,4,underpinned
underpin,16,0,underpinned
underpin,17,0,underpinning
understand,2,0,understood
understand,2,1,understood
understand,2,2,understood
understand,2,3,understood
understand,2,4,understood
understand,16,0,understood
undertake,16,0,undertaken
undertake,2,0,undertook
undertake,2,1,undertook
undertake,2,2,undertook
undertake,2,3,undertook
undertake,2,4,undertook
underwrite,16,0,underwritten
underwrite,2,0,underwrote
underwrite,2,1,underwrote
underwrite,2,2,underwrote
underwrite,2,3,underwrote
underwrite,2,4,underwrote
undergo,2,0,underwent
undergo,2,1,underwent
undergo,2,2,underwent
undergo,2,3,underwent
undergo,2,4,underwent
undergo,16,0,undergone
underlie,2,0,underlay
underlie,2,1,underlay
underlie,2,2,underlay
underlie,2,3,underlay
underlie,2,4,underlay
underlie,16,0,underlaid
undo,2,0,undid
undo,2,1,undid
undo,2,2,undid
undo,2,3,undid
undo,2,4,undid
undo,16,0,undone
unfasten,2,0,unfastened
unfasten,2,1,unfastened
unfasten,2,2,unfastened
unfasten,2,3,unfastened
unfasten,2,4,unfastened
unfasten,16,0,unfastened
unfasten,17,0,unfastening
uphold,2,0,upheld
uphold,2,1,upheld
uphold,2,2,upheld
uphold,2,3,upheld
uphold,2,4,upheld
uphold,16,0,upheld
upholster,2,0,upholstered
upholster,2,1,upholstered
upholster,2,2,upholstered
upholster,2,3,upholstered
upholster,2,4,upholstered
upholster,16,0,upholstered
upholster,17,0,upholstering
upset,2,0,upset
upset,2,1,upset
upset,2,2,upset
upset,2,3,upset
upset,2,4,upset
upset,16,0,upset
upset,17,0,upsetting
usher,2,0,ushered
usher,2,1,ushered
usher,2,2,ushered
usher,2,3,ushered
usher,2,4,ushered
usher,16,0,ushered
usher,17,0,ushering
utter,2,0,uttered
utter,2,1,uttered
utter,2,2,uttered
utter,2,3,uttered
utter,2,4,uttered
utter,16,0,uttered
utter,17,0,uttering
vector,2,0,vectored
vector,2,1,vectored
vector,2,2,vectored
vector,2,3,vectored
vector,2,4,vectored
vector,16,0,vectored
vector,17,0,vectoring
veto,0,2,vetoes
vet,2,0,vetted
vet,2,1,vetted
vet,2,2,vetted
vet,2,3,vetted
vet,2,4,vetted
vet,16,0,vetted
vet,17,0,vetting
visit,2,0,visited
visit,2,1,visited
visit,2,2,visited
visit,2,3,visited
visit,2,4,visited
visit,16,0,visited
visit,17,0,visiting
wager,2,0,wagered
wager,2,1,wagered
wager,2,2,wagered
wager,2,3,wagered
wager,2,4,wagered
wager,16,0,wagered
wager,17,0,wagering
wag,2,0,wagged
wag,2,1,wagged
wag,2,2,wagged
wag,2,3,wagged
wag,2,4,wagged
wag,16,0,wagged
wag,17,0,wagging
wallpaper,2,0,wallpapered
wallpaper,2,1,wallpapered
wallpaper,2,2,wallpapered
wallpaper,2,3,wallpapered
wallpaper,2,4,wallpapered
wallpaper,16,0,wallpapered
wallpaper,17,0,wallpapering
wander,2,0,wandered
wander,2,1,wandered
wander,2,2,wandered
wander,2,3,wandered
wander,2,4,wandered
wander,16,0,wandered
wander,17,0,wandering
war,2,0,warred
war,2,1,warred
war,2,2,warred
war,2,3,warred
war,2,4,warred
war,16,0,warred
war,17,0,warring
water,2,0,watered
water,2,1,watered
water,2,2,watered
water,2,3,watered
water,2,4,watered
water,16,0,watered
water,17,0,watering
weaken,2,0,weakened
weaken,2,1,weakened
weaken,2,2,weakened
weaken,2,3,weakened
weaken,2,4,weakened
weaken,16,0,weakened
weaken,17,0,weakening
weather,2,0,weathered
weather,2,1,weathered
weather,2,2,weathered
weather,2,3,weathered
weather,2,4,weathered
weather,16,0,weathered
weather,17,0,weathering
weave,2,0,weaved
weave,2,1,weaved
weave,2,2,weaved
weave,2,3,weaved
weave,2,4,weaved
weave,16,0,weaved
wed,2,0,wed
wed,2,1,wed
wed,2,2,wed
wed,2,3,wed
wed,2,4,wed
wed,16,0,wed
wed,17,0,wedding
go,2,0,went
go,2,1,went
go,2,2,went
go,2,3,went
go,2,4,went
weep,2,0,wept
weep,2,1,wept
weep,2,2,wept
weep,2,3,wept
weep,2,4,wept
weep,16,0,wept
wet,2,0,wet
wet,2,1,wet
wet,2,2,wet
wet,2,3,wet
wet,2,4,wet
wet,16,0,wet
wet,2,0,wetted
wet,2,1,wetted
wet,2,2,wetted
wet,2,3,wetted
wet,2,4,wetted
wet,16,0,wetted
wet,17,0,wetting
whip,2,0,whipped
whip,2,1,whipped
whip,2,2,whipped
whip,2,3,whipped
whip,2,4,whipped
whip,16,0,whipped
whip,17,0,whipping
whisper,2,0,whispered
whisper,2,1,whispered
whisper,2,2,whispered
whisper,2,3,whispered
whisper,2,4,whispered
whisper,16,0,whispered
whisper,17,0,whispering
whiten,2,0,whitened
whiten,2,1,whitened
whiten,2,2,whitened
whiten,2,3,whitened
whiten,2,4,whitened
whiten,16,0,whitened
whiten,17,0,whitening
whiz,0,2,whizzes
whiz,2,0,whizzed
whiz,2,1,whizzed
whiz,2,2,whizzed
whiz,2,3,whizzed
whiz,2,4,whizzed
whiz,16,0,whizzed
whiz,17,0,whizzing
widen,2,0,widened
widen,2,1,widened
widen,2,2,widened
widen,2,3,widened
widen,2,4,widened
widen,16,0,widened
widen,17,0,widening
winter,2,0,wintered
winter,2,1,wintered
winter,2,2,wintered
winter,2,3,wintered
winter,2,4,wintered
winter,16,0,wintered
winter,17,0,wintering
withdraw,16,0,withdrawn
withdraw,2,0,withdrew
withdraw,2,1,withdrew
withdraw,2,2,withdrew
withdraw,2,3,withdrew
withdraw,2,4,withdrew
withhold,16,0,withheld
withhold,2,0,withheld
withhold,2,1,withheld
withhold,2,2,withheld
withhold,2,3,withheld
withhold,2,4,withheld
withstand,16,0,withstood
withstand,2,0,withstood
withstand,2,1,withstood
withstand,2,2,withstood
withstand,2,3,withstood
withstand,2,4,withstood
wake,2,0,woke
wake,2,1,woke
wake,2,2,woke
wake,2,3,woke
wake,2,4,woke
wake,16,0,woken
win,2,0,won
win,2,1,won
win,2,2,won
win,2,3,won
win,2,4,won
win,16,0,won
win,17,0,winning
wonder,2,0,wondered
wonder,2,1,wondered
wonder,2,2,wondered
wonder,2,3,wondered
wonder,2,4,wondered
wonder,16,0,wondered
wonder,17,0,wondering
wear,2,0,wore
wear,2,1,wore
wear,2,2,wore
wear,2,3,wore
wear,2,4,wore
wear,16,0,worn
worsen,2,0,worsened
worsen,2,1,worsened
worsen,2,2,worsened
worsen,2,3,worsened
worsen,2,4,worsened
worsen,16,0,worsened
worsen,17,0,worsening
worship,2,0,worshipped
worship,2,1,worshipped
worship,2,2,worshipped
worship,2,3,worshipped
worship,2,4,worshipped
worship,16,0,worshipped
worship,17,0,worshipping
wind,16,0,wound
wind,2,0,wound
wind,2,1,wound
wind,2,2,wound
wind,2,3,wound
wind,2,4,wound
wind,16,0,winded
wind,2,0,winded
wind,2,1,winded
wind,2,2,winded
wind,2,3,winded
wind,2,4,winded
weave,2,0,wove
weave,2,1,wove
weave,2,2,wove
weave,2,3,wove
weave,2,4,wove
weave,16,0,woven
wrap,2,0,wrapped
wrap,2,1,wrapped
wrap,2,2,wrapped
wrap,2,3,wrapped
wrap,2,4,wrapped
wrap,16,0,wrapped
wrap,17,0,wrapping
write,16,0,written
write,2,0,wrote
write,2,1,wrote
write,2,2,wrote
write,2,3,wrote
write,2,4,wrote
wreak,2,0,wrought
wreak,2,1,wrought
wreak,2,2,wrought
wreak,2,3,wrought
wreak,2,4,wrought
wreak,16,0,wrought
wring,2,0,wrung
wring,2,1,wrung
wring,2,2,wrung
wring,2,3,wrung
wring,2,4,wrung
wring,16,0,wrung
yak,2,0,yakked
yak,2,1,yakked
yak,2,2,yakked
yak,2,3,yakked
yak,2,4,yakked
yak,16,0,yakked
yak,17,0,yakking
yap,2,0,yapped
yap,2,1,yapped
yap,2,2,yapped
yap,2,3,yapped
yap,2,4,yapped
yap,16,0,yapped
yap,17,0,yapping
zap,2,0,zapped
zap,2,1,zapped
zap,2,2,zapped
zap,2,3,zapped
zap,2,4,zapped
zap,16,0,zapped
zap,17,0,zapping
zigzag,2,0,zigzagged
zigzag,2,1,zigzagged
zigzag,2,2,zigzagged
zigzag,2,3,zigzagged
zigzag,2,4,zigzagged
zigzag,16,0,zigzagged
zigzag,17,0,zigzagging
zip,2,0,zipped
zip,2,1,zipped
zip,2,2,zipped
zip,2,3,zipped
zip,2,4,zipped
zip,16,0,zipped
zip,17,0,zipping
